file,subject_id,study,label,duration_s,left_total_mean,left_total_std,left_total_median,right_total_mean,right_total_std,right_total_median,total_force_mean,total_force_std,left_right_force_corr,asymmetry_mean,asymmetry_abs_mean,asymmetry_std,left_stance_fraction,right_stance_fraction,double_support_fraction,single_support_fraction,left_step_events_per_min,right_step_events_per_min,left_step_interval_cv,right_step_interval_cv,L1_mean,L1_std,R1_mean,R1_std,L2_mean,L2_std,R2_mean,R2_std,L3_mean,L3_std,R3_mean,R3_std,L4_mean,L4_std,R4_mean,R4_std,L5_mean,L5_std,R5_mean,R5_std,L6_mean,L6_std,R6_mean,R6_std,L7_mean,L7_std,R7_mean,R7_std,L8_mean,L8_std,R8_mean,R8_std,left_cop_x_mean,left_cop_x_std,left_cop_x_range,left_cop_y_mean,left_cop_y_std,left_cop_y_range,right_cop_x_mean,right_cop_x_std,right_cop_x_range,right_cop_y_mean,right_cop_y_std,right_cop_y_range
GaCo01_01.txt,GaCo01,Ga,0,121.1715,520.6552240283852,458.4936828552102,653.95,563.3142569518938,491.34693038299207,746.35,1083.969480980279,138.15520595895686,-0.9600329191862199,-0.009318194192301184,0.8628940201575174,0.9038257234940041,0.6199356382539813,0.6141595841241027,0.234095222378084,0.765904777621916,47.53593047870167,48.52626236367463,0.15774096302083165,0.10150511608417577,118.05862777456888,140.2364299846848,100.97254806502187,133.17026871379997,68.6936158098853,87.2604742543226,61.530028055120056,77.31762330629847,48.429435596996456,59.75656527875115,51.85349533789917,66.18624708181903,43.70179552768381,52.80285805263812,70.04084577935474,82.44132029914944,20.648422312071954,23.735273252876105,16.35963858404159,20.322100937610806,94.3841752619853,97.65112013961307,104.84996864427758,110.74044760938287,93.85113045630828,111.12293747414753,114.50193085238057,134.08509186188584,32.88802128888522,35.469068807372054,43.205801633798174,49.46637834311254,-361.2058732465667,232.29303146766503,700.0000000000001,-33.97195584493425,314.66540676223104,1600.0,351.7890847831574,239.3135931184637,700.0,16.454186543701116,302.4715689608566,1600.0
GaCo02_01.txt,GaCo02,Ga,0,121.1715,441.2191311164287,373.33243896761275,542.85,447.96610941496823,387.8861766426498,515.46,889.185240531397,111.4360429839464,-0.9578546409309826,0.009697415670042744,0.8270903068775817,0.8811735287637409,0.6462579420744285,0.6290122947437907,0.2752702368182193,0.7247297631817807,51.99242396107996,53.97308773102586,0.21627726293172309,0.14156821290909244,111.4353461506725,134.29409856059902,94.46847017080619,127.90914103545855,84.35437907418104,104.27242353439853,62.60815331297962,82.87807892723977,67.78634953378992,85.26156921501793,59.42939929037049,81.5036709013515,44.369846521990254,61.451551137989995,47.72102071127981,60.746221503390686,5.277512996121793,9.454657396446148,6.489264790824325,11.533114475064789,78.6839376186154,98.26210947933117,90.83857001402755,110.16656867472108,28.448673983001896,41.98128001567299,55.46662183348461,74.24569159740594,20.863085238055945,31.66981180289166,30.94460929119564,38.91162276658887,-383.2471750823154,253.69206369506378,700.0000000000001,-79.99933284493844,352.18731120276755,1600.0,374.450990175293,246.07808660652776,700.0,-29.331714310303354,357.2675538700598,1600.0
GaCo03_01.txt,GaCo03,Ga,0,121.1715,600.6308697087219,498.2626873059558,800.25,591.2737717633468,514.054186312021,739.75,1191.9046414720688,148.82725963162005,-0.9572485885639632,0.020111080601840445,0.8301276301942564,0.8821001072048241,0.6433699150094893,0.6216684544929449,0.2650383695024342,0.7349616304975658,47.0407645362152,47.53593047870167,0.16747766659405064,0.08959092562054635,87.83772753527518,119.84259912553418,115.0064749566796,153.97573947190665,70.2532213879033,94.82186259801271,82.004332865748,111.51039178218869,86.63965426190279,114.20528789806887,67.85413400445582,92.87547224903449,90.96182193250269,107.58044695486326,100.66011139532966,117.53480681125299,12.026914761944054,16.962198160753502,28.443010149352254,35.99469294388518,92.89564898093901,104.72129924728071,64.25290700552851,78.14891330205296,109.51362736199356,123.19368980840584,91.19380311906924,113.95237042281518,50.502253486261246,59.46463703169671,41.85899826718376,54.59801684544636,-390.75209728887427,211.1407298287306,700.0,44.2988394362683,341.601313323727,1600.0,387.8646556152722,223.48653692520077,700.0,-26.731447283056657,335.35577805537906,1452.2988505747126
GaCo04_01.txt,GaCo04,Ga,0,121.1715,398.33127568281213,343.14404725800097,562.32,407.95542701543036,345.24864824245265,568.37,806.2867026982425,200.66686917440907,-0.8300719306052118,-0.014799849594753875,0.8319455104246729,0.8870328867337279,0.6238138460268999,0.6373463157026157,0.2611601617295156,0.7388398382704844,48.03109642118815,48.03109642118815,0.05581883632753085,0.060087693930664286,32.259580823500286,49.940472309792725,26.83591550457958,48.02160584955608,62.83749319250764,84.81369484235168,68.48614159584125,94.13857876107154,59.72901064444261,78.7649575747202,56.24933822922683,80.44382654468868,53.39516544269329,66.91024493235402,56.9588060070963,70.41128171411913,75.644809802789,82.92065381598911,56.85054872514234,67.55961832503465,32.04483620760789,53.613268555916015,40.293020876309924,65.01329009652177,63.59600214539153,99.95984529413461,67.44838022939186,104.5531873596889,18.82437742387986,24.546262378523437,34.83327584784223,53.56490048624871,-317.1215226331934,225.33783345318668,700.0000000000001,-40.87479899542155,269.68361825724713,1600.0,327.33288501990586,233.2277779089218,700.0,2.329880237694966,307.21006584077907,1600.0
GaCo05_01.txt,GaCo05,Ga,0,121.1715,513.4819787111147,416.10136691804377,644.82,530.2324853535771,437.0413214654137,708.62,1043.7144640646918,187.22452942441618,-0.9048284900068615,0.003613600087719743,0.7946668358197202,0.8578884689665307,0.6690320983579503,0.6576450202161894,0.3266771185741398,0.6733228814258602,56.44891744345824,56.94408338594472,0.13181457595009236,0.040198926859059854,65.52272217179635,78.9382703441061,57.89788596418846,81.91126264824206,74.47722501856589,84.84273051600114,64.35526446076409,85.18533102783944,73.03336496410596,80.66596567767907,71.2026850400198,86.5367422436894,89.29041009984321,93.51788098568791,78.16767555078802,80.43958814315461,27.553234590312734,35.38087633452846,48.61193992903705,57.851658131960534,83.15562505157192,102.88892502435688,65.47130291278158,79.545372371012,43.60930439805265,55.65862459383278,83.84210165855269,108.80224926671504,56.840092416866085,63.02659375505254,60.683629837445324,87.06216263787452,-414.4060855181565,240.4201983722321,700.0000000000001,-28.31382643534709,306.17178307561255,1600.0,364.9282498923929,224.61178605236796,700.0000000000001,19.21852612664373,331.04501181793785,1600.0
GaCo06_01.txt,GaCo06,Ga,0,121.1715,465.92019886129214,406.82803335388047,627.88,497.22939021371405,435.88804505851675,670.01,963.1495890750062,169.8013607529984,-0.9210855894184113,-0.005100590945804348,0.8554393724686836,0.9029333821947775,0.6138295238881096,0.6124267678851391,0.22625629177324863,0.7737437082267514,51.00209207610701,51.497258018593485,0.04856028316869066,0.0543496978809194,31.372673487911538,49.69933700632042,25.890790494265204,40.39767761025698,57.362853370740154,85.0400209784277,64.54668206947768,95.68609950169619,55.979952141265784,83.87058898685768,54.93902302170146,84.95781696984639,80.4903556399043,93.13393969995003,81.56900734384025,94.63822035758801,74.30834474791651,85.86281308621395,70.02855598646752,80.38651583582042,62.25629672415215,90.25659743600039,74.66150837527849,103.80565962802025,77.28861952306296,107.2928482147185,91.27682729598152,125.53582209475043,26.861103226338805,43.87704474319657,34.316995626701875,48.87803806761901,-328.3298463203455,238.83507072750493,700.0,4.826555809169427,268.31336440505703,1476.1557177615573,333.3991460404441,239.00876813422,700.0,25.938458246146563,294.6923818290713,1600.0
GaCo07_01.txt,GaCo07,Ga,0,121.1715,515.0167414803202,458.5782238584239,626.23,534.3549847347141,490.1723840361708,602.03,1049.3717262150342,204.94819459343492,-0.9087882882975704,0.01936748671293934,0.8649039484702183,0.903171676140057,0.6269494182688341,0.6014522650383695,0.22840168330720356,0.7715983166927964,56.94408338594472,56.94408338594472,0.19185840290470577,0.08079902898425027,121.57799240861456,180.74995651621475,91.65659460351515,137.98287269903113,51.16987787771268,79.16828388523223,55.43193085238057,82.80073156054125,33.08864262727948,54.881552340083275,40.752218004785874,63.68858110211409,98.97099100585856,109.71127395114266,110.98690486013697,125.19724556569066,9.192883076161399,11.857164781345404,25.699962868223448,29.17219056383219,102.33499958742472,108.69907478969135,78.07891492697416,85.29325638565642,65.91096707649146,77.85616147274023,104.09874824655499,119.50646644974134,32.77038782077729,38.6185502910774,27.649710372142913,31.045108384528096,-401.37920429319627,231.4869189150157,700.0,3.3980817804766974,355.7819251895226,1391.0447761194032,374.0313354328292,227.5783234296655,700.0,-20.748865138154546,326.3206259358478,1339.9477806788514
GaCo08_01.txt,GaCo08,Ga,0,121.1715,497.26031438237476,434.30465687132835,633.49,455.3745036719201,400.5697215561139,561.88,952.634818054295,125.31669476975785,-0.9581356351198304,0.014074595202115193,0.8524067670712243,0.8952236095819591,0.6319003218087301,0.6231537255549138,0.25505404736364384,0.7449459526363561,49.0214283061611,49.0214283061611,0.0734645970458146,0.11281008110233386,51.80985477349616,79.57427863767721,47.37048023764337,70.95818338446911,43.07601452265038,62.39011542337121,45.51492119811865,63.94143674389853,43.305272712269996,62.50640151672193,47.167526198531235,66.56666569364174,71.15612179222708,79.67720483708871,76.60104464064692,92.97168456595716,36.868443765987294,41.47171249489979,41.02996369337404,45.79224493814743,76.1340778942157,98.04124574141974,62.03647825728196,82.08682282779343,94.44075913854279,110.45640273448608,85.64550622988696,104.10442983095083,80.46976978298538,100.80991882210806,50.008583216437,72.74199789512853,-368.4642206350348,237.74579625315064,700.0000000000001,55.6945005984555,313.5037123445741,1600.0,347.99878735433884,237.97311970017128,700.0000000000001,39.04511363699018,318.95309832661775,1600.0
GaCo09_01.txt,GaCo09,Ga,0,121.1715,461.0048172291443,407.01677369835585,608.52,421.7042561267432,373.09786675741174,532.18,882.7090733558874,136.61918354931157,-0.9423329227978176,0.012732698972388537,0.8596129705505223,0.9005598498858862,0.6215034243749484,0.6205957587259675,0.2420991831009159,0.7579008168990841,56.44891744345824,55.95375150097176,0.07492560455308125,0.0649606874600876,33.63653684297384,60.633825186182854,47.30140688175592,78.2452961441554,40.281892895453424,60.00781739291273,48.352438319993404,67.88318233044053,48.27978876144896,69.9980317607008,62.58408201996864,87.352541146512,64.27947437907417,74.88187271400325,69.80225678686361,83.1199760544366,38.08998019638584,45.580295361674295,36.3735663008499,42.721094738548985,59.993785790906834,76.30393149119047,42.68999339879528,59.62012105245776,79.68727122699893,97.48101193590716,63.204199191352416,85.78725229114707,96.7560871359023,128.29701983635604,51.39631322716395,83.085596166903,-347.996876516004,238.03587816587148,700.0000000000001,84.27247510784888,333.3797468133369,1600.0,337.0642196818431,233.5323240595777,700.0,16.882519464431486,352.54994693948606,1600.0
GaCo10_01.txt,GaCo10,Ga,0,121.1715,406.3197136727453,361.73894282601975,526.13,418.9321000082515,376.8994803747798,489.61,825.2518136809969,130.7384696025136,-0.9381590066787698,-0.003963716063933162,0.8707457968334233,0.9074708336078345,0.6160574304810628,0.621090849079957,0.2371482795610199,0.7628517204389801,55.95375150097176,55.95375150097176,0.048288682246934486,0.04868559984717448,28.917773743708228,60.45818465232295,37.14381137057513,60.96958312372204,70.9992680914267,107.13505302806522,51.0307418103804,75.29108789523379,63.349752454823,92.4612322622096,53.77800973677696,78.4526075459649,54.33557966828946,69.92805230396851,52.3940193085238,65.21990811920168,25.153003548147538,37.20330038616166,37.49985229804439,49.93719230392225,76.88718623648816,102.47992565390916,67.57557141678356,89.8073482134743,51.209633633138054,83.34672373913173,90.26932750226916,132.51768606085108,35.46751629672415,64.55601241385013,29.24076656489809,51.68264820345516,-364.0480167982869,246.95792670391563,700.0,12.06796400307821,343.35779778250685,1600.0,332.22875460077387,235.451946631746,700.0,-2.2078259653704637,341.7678779155978,1600.0
GaCo11_01.txt,GaCo11,Ga,0,121.1715,500.36743543196627,440.4255374819531,625.68,472.2113565475699,424.4939913402296,563.42,972.5787919795362,159.54669053320072,-0.9326016189015783,0.008262486951581757,0.8632049949339063,0.9006383534242808,0.6208433039029623,0.6149022196550871,0.23574552355804934,0.7642544764419507,58.92474715589062,58.92474715589062,0.061539267014142085,0.059358022292114995,110.75000412575295,150.3175331555387,103.12488654179388,136.7216422496651,92.50124102648734,126.07908695432464,70.73126165525208,91.12904958170002,54.15003465632478,71.95557934811015,57.75775146464229,77.76625517164682,81.39248452842644,106.46093157276107,62.39702120637016,78.57938687925181,9.447102071127981,14.292529649478814,21.18966333855929,25.1666007960726,73.71620183183431,100.00962106274318,60.8308985889925,75.28904404859645,64.93663338559287,88.52994684769494,75.63445333773413,95.29235884377357,13.473733806419672,18.187200239662392,20.545420414225596,26.998856662771328,-412.5796627910888,209.26029464027255,700.0000000000001,-23.203322294357942,359.1289544816155,1351.219512195122,412.24633673106007,202.95084408867558,700.0,-46.45073491848755,378.05442651752264,1600.0
GaCo12_01.txt,GaCo12,Ga,0,121.1715,372.12316527766325,341.63297311650234,434.5,427.92683059658384,384.26640906028604,500.39,800.0499958742471,127.62331607624009,-0.9448875950604207,-0.015782474367454405,0.8720347922490884,0.9108734611513379,0.5998019638584041,0.615479825068075,0.2152817889264791,0.7847182110735209,61.40057686832299,59.4199130983771,0.1277181525375734,0.06893222937547591,72.09789751629671,109.21317906723908,65.87705668784554,101.38073146890586,48.05456968396732,73.51374728645396,47.71740820199687,69.64699083896458,27.138286162224606,44.515017041055835,32.98397062463899,52.313756827024044,62.14316527766317,75.69972144171771,59.16766482383034,70.48298738018295,18.944134829606405,22.602319551796423,10.234529251588416,12.728654485494074,64.40113788266358,76.75344827464583,86.69446819044475,99.35384473784788,48.621406881755924,60.05276798803197,75.30977225843716,87.36519893156994,30.722567043485434,40.040950166569594,49.9419605578018,58.78439966969588,-386.7592595992254,236.6770792410778,700.0,-21.187979943350467,373.0181912591305,1600.0,358.92278395570696,251.80335332299882,700.0,58.89009283539994,326.80690255699886,1600.0
GaCo13_01.txt,GaCo13,Ga,0,121.1715,401.87811535605255,343.11324158687466,512.6,385.8694256951894,331.65753091725026,491.37,787.7475410512418,114.98079939444472,-0.9424876950451065,0.004323157400254521,0.8403845230578499,0.8849518636670014,0.6327254723987128,0.6394091921775724,0.27213466457628516,0.7278653354237148,59.4199130983771,59.4199130983771,0.03490430212700192,0.0403225390863304,81.75523310504167,109.5583996821436,79.62875402260912,108.99727076798614,58.323780840003295,79.13299394542534,58.71019226008746,77.77484915271212,34.48171878867893,44.950881089365296,28.053966498886048,37.03947225276877,64.7620348213549,76.11089148749875,60.57932997772094,71.30390857401946,3.1871226998927304,4.207585933185771,13.838660780592459,17.20205249087664,63.579655087053396,76.22336278177261,53.811166762934235,65.85702768443795,66.28739417443683,82.49082038696908,69.35261737767142,87.53796179605135,29.501175839590726,39.30895592824051,21.894738014687675,31.084990198754625,-423.8377455044861,177.71206456454274,700.0,32.13669009123698,347.7556758390135,1600.0,402.3366624578109,212.3142256198477,700.0,4.95533074997082,353.81799442254027,1600.0
GaCo14_01.txt,GaCo14,Ga,0,121.1715,331.3490816073933,301.01845724789234,420.86,326.32548807657395,288.81189400015614,455.51,657.6745696839673,110.31258604453333,-0.9308708134393044,-0.010380703006786132,0.881722594584357,0.9162923089943393,0.5979866325604423,0.6149847347140853,0.2129713672745276,0.7870286327254724,54.468253673512336,53.47792178853938,0.13350142526088668,0.13483452942511864,44.28698572489479,80.14908469969308,58.69389058503177,90.74082657699783,49.09409192177573,87.51448698310074,39.46950490964601,59.28242642134319,8.757857083917814,16.397427017990857,23.136079709546994,37.6123505097875,42.61732568693787,53.7176246841008,37.3873562175097,43.550412309591756,51.896046703523396,60.22108991958736,30.309424870038782,36.64127933637372,37.5328913276673,49.08687687189967,43.76143823747834,60.195684981206014,66.36311164287483,91.911406506432,52.617459361333445,77.2359436578058,30.80077151580164,42.85228040558558,40.95033418598894,62.12333386916386,-325.497242179199,240.23644045742464,700.0,15.343605578853026,314.8872945313044,1600.0,330.38786023831597,243.41050401248754,700.0,-2.1158579385104375,347.0992942534015,1600.0
GaCo15_01.txt,GaCo15,Ga,0,121.1715,432.4172704018484,385.51281178846614,595.1,451.8304233022527,402.0771053416843,632.28,884.2476937041009,169.36318757760688,-0.9083598818250825,-0.0018307777057025563,0.8734456949965678,0.9123514317243134,0.6087961052892152,0.6100338311741893,0.21882993646340457,0.7811700635365955,56.94408338594472,56.44891744345824,0.08385984004101145,0.09863213228688283,49.007101245977395,78.4002198724684,43.876212558791984,71.1754900684248,63.358511428335675,99.76166778568633,43.92342932585197,70.16435487856924,47.24247215116759,72.87247993132972,52.65724234672829,81.56025918207926,90.75688010561926,107.847394256665,93.30984404653849,105.01787596084034,79.25126495585444,109.77965579490015,76.43540473636438,93.82507458558712,30.988676458453668,59.995495934288435,45.338407459361335,78.06239968605207,49.71570674148031,89.31239460361026,60.86412822840168,104.73118185064584,22.09665731495998,37.52069895639477,35.42575460021454,62.542347230245404,-327.2272416929949,241.88008779859922,700.0,-38.87914961906672,298.0809147598555,1600.0,321.29689320367675,238.376709624392,700.0,-9.221706713426085,317.9351264452547,1600.0
GaCo16_01.txt,GaCo16,Ga,0,121.1715,303.8811403581154,264.8943173639266,407.88,291.5864733063785,260.46607588657724,371.69,595.4676136644938,121.42500145690373,-0.8932950808339113,0.019261541194905123,0.8615627534001077,0.9003874772284344,0.6191104876639987,0.6181203069560195,0.23723079462001814,0.7627692053799818,55.45858555848529,56.44891744345824,0.11866174132036901,0.11166600981840663,35.22067662348378,69.16898244903595,33.84908490799571,65.05815399180305,32.73134004455813,55.15641275795207,31.19168495750474,56.71497373660523,28.645936958494925,48.0350379469152,16.790416701047942,32.05601244497003,36.029370410099844,45.181493509476454,41.242411915174515,51.07012721529674,24.107699480155127,27.335881617434957,22.921870616387494,28.30085869566884,39.484544929449626,52.6202844783376,45.071653601782316,58.34957860146928,59.30791731991088,79.11274704307229,56.9067876887532,73.57337192901446,48.35365459196303,70.20687529210997,43.612562917732475,58.52526536530493,-349.42355857310497,217.69798035384437,700.0,62.48303755461399,353.0983194036543,1600.0,370.1295045834222,223.4965350754818,700.0,81.43565755366079,357.863142769163,1600.0
GaCo17_01.txt,GaCo17,Ga,0,121.1715,390.1961135407211,363.1056481488496,461.89,389.8805545011964,361.11726124745377,460.46,780.0766680419177,142.94147455954771,-0.922102912033973,-0.0009695168875257744,0.892779335232975,0.9258295117990367,0.5880848254806502,0.5913854278405809,0.17947025332123112,0.8205297466787689,53.47792178853938,53.47792178853938,0.09946669185058642,0.13031276760170352,85.80198778777127,130.04330714514487,83.04327419754105,128.11861521299718,59.32895700965426,92.48275554426459,52.029010644442614,81.43123607934378,26.57025992243584,42.793519673429586,25.922386335506232,41.2028116459413,44.8018862942487,55.47211940036326,51.63010066837198,61.37023799059386,10.619833319580824,16.011979475131977,8.658013862529911,11.43241967086549,69.13657479990097,84.65148725191746,68.4909068404984,82.28709688894074,62.58113210660945,88.31539314775634,53.50721676705999,76.48548413053203,31.355482300519842,42.66777283322158,46.59964518524632,57.15115166051312,-340.88335072509744,256.1129786407456,700.0,-13.677151205641058,338.58930167751,1407.5949367088608,343.74796847663816,257.09211829297647,700.0,31.79740036774617,346.898673404098,1600.0
GaCo22_01.txt,GaCo22,Ga,0,121.1715,393.5809893555574,352.94666704391824,488.95,385.5212269989273,353.65973313016195,462.77,779.1022163544847,178.2278597114675,-0.8727612083217753,0.004536845452366354,0.8766682948984403,0.9086041950433752,0.6194405478999917,0.6176252166020298,0.23706576450202163,0.7629342354979783,55.45858555848529,54.963419615998816,0.17113497167670907,0.0855843296750552,40.75337074016008,72.43861985756622,54.61554913771764,95.83142392484332,45.29520257446983,74.10188687181547,58.14026899909233,98.0830161760613,58.29375526033501,100.58830022771727,61.16568198696261,99.56804992110192,50.59658717715983,71.24379977136492,56.06658882746101,80.33627797097276,56.98602689990923,67.64226509986332,28.437328162389633,38.9239871049974,44.72638666556647,63.77126450167499,47.55385592870698,75.23181824962332,67.20433616635036,97.72610919252138,49.19560524795776,80.14528899479808,29.72532387160657,37.599623939363184,30.346348708639322,41.84822711647817,-345.8412566978581,212.29286065095667,700.0,4.589119712288811,348.6761897310902,1600.0,354.04213927287816,230.90163790662777,700.0,-22.607681096811465,359.43213691212037,1600.0
GaPt03_01.txt,GaPt03,Ga,1,121.1715,343.4332156118491,282.4279439700366,374.77,364.76148857166436,301.6847832260737,395.01,708.1947041835135,60.655561005217834,-0.9805862227690305,-0.00715732086372732,0.7731346592932146,0.8344522268643957,0.6979948840663421,0.7047611189042,0.40275600297054215,0.5972439970294579,38.62294351394511,39.61327539891806,0.15292713436923938,0.08503292899500473,25.573761036389143,27.668537404546182,37.42952636356135,42.54783406282495,60.707546827295985,65.49491915849492,65.42574717385922,68.13105502026141,59.44933162802211,61.232738467141445,66.9203457380972,69.09688550856225,42.39914101823583,44.97847499125358,45.01242841818633,58.10022589741036,18.671172538988365,17.809184337658177,33.89336991500949,33.97696687353017,39.01728773001073,45.38956648195952,29.518612096707653,38.30004191553235,65.48427345490552,70.50214243793438,71.0517130126248,77.59665390629551,32.13070137800148,38.25628007247657,15.509745853618284,23.702868304768376,-382.7342470581365,213.92825947364253,700.0,14.96236468878868,326.68113310557527,1600.0,365.6003429654791,209.3984000241025,700.0000000000001,-23.53571582790017,339.2752039120872,1600.0
GaPt04_01.txt,GaPt04,Ga,1,121.1715,465.00339301922594,390.598069800423,524.7,488.19351514151333,395.8003314229982,565.62,953.1969081607393,82.66749794761913,-0.9779854381519234,-0.02050695237733749,0.7841180666988489,0.843942514144245,0.679759056027725,0.6946117666474132,0.3743708226751382,0.6256291773248618,46.05043265124225,46.05043265124225,0.11386709177512774,0.13686368375605573,89.63044888192097,100.18538997379562,78.69353164452512,86.49466700955968,49.40214456638336,56.79791029904217,47.54359023021701,52.04474571784814,43.20552933410347,48.693410813169855,49.43304150507468,54.750982723823036,50.80277250598235,59.389334565703734,67.20477184586187,74.37492973961122,26.716720851555415,30.7510116439935,19.021585939433947,21.381410947672062,60.60985477349616,61.52130494528306,76.98710207112799,74.54817883682458,97.32552933410346,98.00109768392734,74.1036752207278,73.61341891430729,47.310392771680824,43.5549955044924,75.20621668454493,66.60886126073319,-359.163790392953,220.83473060416782,700.0,-1.4752082098617205,322.2099005123937,1600.0,395.2575684264056,215.33504140558037,700.0,30.66858765632204,329.91790660016727,1600.0
GaPt05_01.txt,GaPt05,Ga,1,121.1715,411.2779008168991,361.97449056219,491.48,392.29335671260003,339.2852250620591,458.7,803.5712575294991,72.72724839664801,-0.980562051342492,-0.002396856600221859,0.8523207419258078,0.8933411251637402,0.6333030778117006,0.6481557884313888,0.28145886624308936,0.7185411337569106,55.45858555848529,57.43924932843119,0.05262777690792579,0.17926956506553404,67.69228814258602,84.92592212318601,60.811574387325685,77.37463317177618,25.322038121957256,34.23397000650094,26.286650713755257,36.250112813562325,42.89162224605991,58.21745011708867,65.50742800561103,83.44306047197706,25.239122864922848,27.97174092635336,30.044740490139453,34.40698477226403,8.580880435679513,10.957756100413418,10.973223863355063,16.923972352263657,81.93594025909728,84.64660003170358,72.33275600297054,76.07638025045405,108.67241191517452,121.16037762587405,88.2945647330638,104.84792228996277,50.94359683142174,57.355069009148224,38.04241851637924,52.566556829949306,-330.98116400894054,226.8435493669826,700.0,36.721054531629576,334.1185666281087,1600.0,352.83371445459073,213.32513626637746,700.0000000000001,-5.8402040346201805,373.7578113451827,1600.0
GaPt06_01.txt,GaPt06,Ga,1,121.1715,557.588702038122,458.9146020024393,660.44,525.6570880435679,453.2674495470171,602.25,1083.2457900816898,98.13419657752588,-0.9769280762939058,0.02646140198041386,0.8078873857744221,0.8639386046142243,0.669857248947933,0.643947520422477,0.3138047693704101,0.6861952306295899,51.497258018593485,51.99242396107996,0.04390409202217024,0.04827297316631501,123.68649063454079,151.47120630138954,111.57053387243171,132.37772315901657,57.49973842726298,73.1536398520617,69.29766729928212,81.3951271219445,62.03375526033502,79.49569705162297,55.63143576202657,67.64726110259411,49.714045713342685,60.200080232503765,53.648649228484196,58.73169867155439,33.746264543279146,40.2948976980101,24.27963858404159,28.46143599952044,75.38627031933328,82.79926303679953,77.31576780262398,81.18270769566804,117.95924746266192,130.12422395801778,94.49456555821439,108.22019463063356,37.56288967736612,40.832774906442936,39.4188299364634,44.3753343455138,-367.8794190650542,199.10642041416347,700.0,-11.54676947040399,356.9370181314272,1371.246006389776,375.85368450606006,214.64980425051516,700.0,-12.068030053428357,338.2904495375863,1439.8648648648648
GaPt07_01.txt,GaPt07,Ga,1,121.1715,319.467148279561,253.54012274716496,362.56,349.2967084742966,280.85014442753834,429.22,668.7638567538576,119.88173031141385,-0.9043223695782517,-0.008722584835195491,0.7578449722892632,0.8257513357330492,0.7230794620018153,0.6889182275765328,0.41199768957834804,0.588002310421652,46.54559859372873,39.61327539891806,0.6237250691671286,0.3481983535905751,11.106587177159833,11.746571604988917,9.922001815331297,12.063405060961044,30.415739747503924,43.24341474357652,41.94564403003548,57.44601095777381,25.693164452512587,34.34424901582071,28.8798514728938,39.64333807270417,71.68278570839178,74.40453751675571,72.31040019803613,75.00915868272934,74.42476194405478,76.14063441347136,49.9660136974998,52.71095145831374,31.86335753775064,38.13189796400088,52.344342767555084,60.172333920427945,51.01041009984321,60.2518437730153,57.1950986054955,67.4258795972542,23.270341612344254,20.8863678423469,36.73335588744946,35.80335551240079,-397.9953282709184,196.66193243485748,700.0,4.159547601417902,319.38684859934335,1600.0,402.95792250556764,222.03235194886003,700.0000000000001,75.56735049415502,290.08558537584526,1600.0
GaPt08_01.txt,GaPt08,Ga,1,121.1715,416.0532387160657,364.44726124454223,524.7,422.2316552520835,361.13559880429847,561.0,838.284893968149,105.49475728971107,-0.9577624630510067,-0.00944447479900144,0.8518484867129217,0.8943094132273137,0.623566300849905,0.6362736199356382,0.25983992078554335,0.7401600792144566,51.99242396107996,51.497258018593485,0.04529601001186011,0.12666307595282333,34.582279065929534,56.52060345753202,20.082783232940013,32.236605178639415,46.802590147701956,78.80432775285794,36.098062546414724,57.68699561169659,40.54444426107764,66.83409691485552,47.58580575955111,80.67791292400896,55.002114860962116,59.72655544761566,42.03548477597162,47.529991632374156,76.46875237230795,84.09499943038699,41.726333855928715,42.1147078430106,56.416793464807334,65.37101104722629,85.4087234920373,91.43469601187738,84.93988695436917,102.93050678986083,105.26200346563246,119.71090228000585,21.296377588909976,27.147645197821372,44.032458123607555,52.25428635466401,-327.93521340021243,224.159199975039,700.0000000000001,7.905777075603018,301.4899455485793,1600.0,362.0913420422361,218.02070371416295,700.0000000000001,79.64643181796359,344.60910516349037,1600.0
GaPt09_01.txt,GaPt09,Ga,1,121.1715,403.2484091096625,350.5491245686499,475.09,467.2296245564816,400.4358095892344,558.25,870.478033666144,127.00774316480603,-0.9514068175259901,-0.01570790325864209,0.8312689513711967,0.8801600325417418,0.6444426107764667,0.6379239211156036,0.2823665318920703,0.7176334681079297,59.91507904086357,59.91507904086357,0.11861042458976105,0.09845299946224577,71.8383686772836,98.66107138817915,61.46241604092747,85.78903938225483,48.610451357372725,69.4007043467713,46.6406262892978,63.57284314513114,27.630186484033334,39.52102546282192,21.93366779437247,30.0400259725465,52.10089776384191,57.43809404263681,105.68596501361498,111.07033648953755,15.792066177077318,18.437187029795467,9.807554253651292,11.215344549830233,73.92852298044393,74.78718895251075,100.09158593943395,100.9188292002323,81.27295403911214,89.03435739200937,81.54274857661524,84.54861261371634,32.07496163049756,32.291369709502085,40.06506064856836,44.992377011209065,-387.758844075555,217.8079059193156,700.0,38.99278634186282,341.9585141412055,1600.0,399.62277011866223,231.90304421271986,624.390243902439,70.82680552308749,311.1934032047889,1415.3179190751443
GaPt12_01.txt,GaPt12,Ga,1,121.1715,583.4387111147785,510.6118012871291,794.42,507.1957224193415,437.34653531799455,720.83,1090.6344335341198,184.25092639457125,-0.9360081186022726,0.005104379672342688,0.8578657241380918,0.898729689047904,0.6227411502599224,0.6339631982836867,0.2567043485436092,0.7432956514563908,59.91507904086357,60.410244983350054,0.06314458394145663,0.05580365609471063,47.11911131281459,83.07742946564028,67.37752784883241,107.28201381362176,25.484773496163047,43.20541195681073,30.400572654509446,49.1058228311998,53.863938443765996,82.65873129393853,50.706187804274286,78.99399137129416,62.754441785625886,71.81497391001456,77.91128723492038,87.54911237861647,62.59755177819952,64.21723529352069,81.22844211568611,83.28217495708134,87.13119151745195,101.98597890458295,58.42735456720852,79.62584142863861,134.51170146051655,149.8119942838332,110.24666721676707,140.43732126163226,109.97600132024095,130.09604932151257,30.897682977143326,44.273053801458516,-343.1418534634239,221.7085221925507,700.0000000000001,97.1541382715962,326.5544871202075,1600.0,336.9558909596021,219.3453868271554,700.0000000000001,-1.8579110524411444,325.44622057763115,1600.0
GaPt13_01.txt,GaPt13,Ga,1,121.1715,414.5371103226339,347.6214381362559,449.24,410.0421140358116,348.1302576226108,433.62,824.5792243584455,73.69770653601184,-0.9775607196490321,0.008311324908860345,0.8103532443772171,0.8577961018668382,0.6880930769865501,0.6758808482548065,0.3639739252413565,0.6360260747586435,60.410244983350054,62.39090875329595,0.265155664963542,0.09410193798553082,35.97555491377177,41.701834185763374,31.620765739747505,41.95645862800517,51.802729598151664,59.15374151509213,61.23233187556728,71.84595321053597,68.53563660368017,79.97642338158748,70.64064031685783,83.09077339425427,111.21547322386334,112.44013663736237,72.43775476524465,79.64080771897325,40.19035481475369,41.774086651813526,43.9357826553346,45.56255302729975,40.30645432791485,53.256635218194155,44.43580658470171,56.923632667605304,47.46722831916826,67.39327252184009,58.352680914266855,73.92049149096361,19.043678521330143,29.124062937167775,27.38635118409109,35.557674733670325,-409.933125496681,216.19499563589656,700.0,-77.61437933798993,316.0324685484092,1600.0,376.72102912623035,218.34314082694945,700.0000000000001,-40.76796036036518,331.3124018931819,1600.0
GaPt14_01.txt,GaPt14,Ga,1,121.1715,557.6473463157025,485.793462104139,743.71,434.74069477679683,405.170113402852,520.96,992.3880410924994,185.11454232377903,-0.9294634669331681,0.04188379628656053,0.8751761261275209,0.9096321064348756,0.6195230629589901,0.592953213961548,0.212476276920538,0.7875237230794621,57.93441527091767,58.92474715589062,0.14059847438115736,0.11049800031196096,140.13478999917484,186.1021805888434,53.09859476854527,87.44526012808602,72.78163297301758,98.94386129389306,67.34238303490386,112.49160125544532,24.785371730340785,34.070697476888064,9.11477844706659,15.437525638941263,117.5624795775229,124.22019720458663,73.91289297796848,84.95844727013537,7.732403663668619,8.146474009581343,2.9704266028550217,4.461084943787557,57.87969634458288,67.00745093351576,78.09115933657893,80.52403443380186,104.96061308688834,138.86214368045876,103.36516379239211,119.83741311122617,31.810358940506642,41.382587656287775,46.84529581648651,55.96887255180537,-406.2350903831512,226.53198954040164,700.0,-14.198117492903265,353.89047998270115,1600.0,411.49290124991165,226.43335574404566,700.0,89.83166710565807,343.005687048571,1600.0
GaPt15_01.txt,GaPt15,Ga,1,121.1715,377.58346398217674,321.7717196422745,472.89,466.1476417196138,414.0669593027437,552.97,843.7311057017905,150.98283148714907,-0.9464202344844749,-0.0037220533332411256,0.842673586804431,0.889721480562809,0.6446901559534615,0.6215034243749484,0.26619358032840995,0.7338064196715901,53.97308773102586,54.963419615998816,0.13937318205167146,0.12882844834346285,12.604861787276178,22.092762339651216,10.827498143411173,19.405453835104982,37.58301262480403,59.661001158531604,37.72781252578596,56.49569221256272,62.19683554748741,93.05928599370313,58.06545919630332,91.23291459983085,48.770227741562834,68.72708943322968,92.12668371977887,106.6927438970528,82.47555656407295,86.45331620789304,64.37999834969882,67.63432674429923,45.2674552355805,64.37148917975537,70.09897268751547,84.85953641526145,56.33806254641472,74.67740814713605,91.18158593943396,99.95506255397478,32.34745193497813,40.04252082959595,41.739631157686276,46.673889736711,-334.4240414546896,208.6800652097671,700.0000000000001,34.77149746368723,266.5588312603221,1600.0,331.2387050337282,228.75646892711507,700.0,75.09307453815032,244.25292276020335,1600.0
GaPt16_01.txt,GaPt16,Ga,1,121.1715,453.08659625381637,388.1821799899445,581.35,497.45720521495167,431.6420491273635,648.56,950.543801468768,130.52079148947013,-0.9548003675181175,-0.0045626097491454284,0.8426869084368775,0.8874178018846411,0.6479082432543939,0.6357785295816486,0.2836867728360426,0.7163132271639574,53.97308773102586,55.45858555848529,0.2557963777073284,0.1270313300123018,96.33875154715736,117.48153014092077,62.5356762109085,88.88520550828547,47.18765822262563,57.674066131113705,61.96439145143989,82.55027474619479,50.76218169815992,63.58303504681232,28.62835547487417,41.09693732494275,63.67544104299034,70.2202910347912,78.08795527683803,84.57799242319362,22.6326520339962,22.813470744138183,15.871977060813597,17.682812469240123,83.3750078389306,87.83358365101286,116.35762604175262,112.64012638891349,45.84022856671342,48.75388052028806,88.6378257281954,88.82633021074591,43.274675303242844,57.16260496422183,45.373397970129545,44.91337143744988,-383.10450703879945,238.96043789719175,700.0000000000001,-17.612562914704352,328.4176632170017,1436.9146005509642,382.2557996138474,247.91734125018476,700.0,72.30431572826464,277.9145595659933,1600.0
GaPt17_01.txt,GaPt17,Ga,1,121.1715,465.33196798415713,402.38009766268215,522.39,493.6472605000413,413.0178399684766,583.22,958.9792284841983,98.01238551903599,-0.9714385429820597,-0.016561437856384194,0.8168416546462894,0.869619404740075,0.6462579420744285,0.661523227989108,0.3077811700635366,0.6922188299364634,51.00209207610701,51.497258018593485,0.057914194034801095,0.058607293334271025,76.84787523723078,100.19174318166785,79.86471986137471,101.01609752970414,43.300670847429664,57.7527819782483,31.31477349616305,38.99827133039459,39.55609621255879,53.906297113036466,46.93948428088126,62.9630404097106,69.55042495255384,74.38645450565069,78.2107987457711,86.32523460334887,18.805915504579588,18.588240449585093,15.321459691393681,15.29674415750365,88.94794785048272,89.70299138238194,112.94766234837857,113.43488512841004,89.91454823005199,95.6035073005215,67.60660450532222,67.29240619498215,38.40848914926974,43.53949119544889,61.441757570756664,61.52401250790223,-377.2174274348262,228.24931434477432,700.0,13.993756606631617,313.7445153140453,1420.7821229050278,396.35179757966034,231.819696663292,700.0000000000001,29.653064876331815,331.11506882039964,1600.0
GaPt18_01.txt,GaPt18,Ga,1,121.1715,444.4110281376351,382.7247918076759,515.68,475.55758395907253,400.85525905980757,567.27,919.9686120967076,110.1725064745781,-0.9615125819254009,-0.012220167298200442,0.8181015306487482,0.8709500772036992,0.645762851720439,0.6572324449211981,0.3029952966416371,0.697004703358363,51.99242396107996,52.48758990356644,0.046074565020706566,0.05297498033114346,74.26545754600214,100.51933733943844,91.95555243832,118.54732613710992,40.51853948345573,56.544139230977166,35.66173859229309,44.66569132350584,34.368777951976234,49.12721097826843,41.616388315867646,56.76534103396994,64.91406881755921,70.55509789696035,70.62352174271804,78.38626488060166,26.892680914266855,25.336161254894407,14.263611684132353,14.595542645128,79.86687102896278,80.3952631429994,102.09814423632312,104.91836573451764,83.62018648403333,91.59606611637636,65.8838551035564,67.91471766615612,39.964445911378824,43.923640411139665,53.45477184586187,55.75040110776974,-370.0587999233967,229.797555040817,700.0,2.286952716046578,313.0087584207641,1385.682326621924,394.4530403993814,230.09835262407836,700.0000000000001,-8.224941227417853,348.1411937281276,1600.0
GaPt19_01.txt,GaPt19,Ga,1,121.1715,357.6221717963528,294.2463178600974,449.79,380.02900569353903,323.7736742805103,435.38,737.651177489892,96.65211507627065,-0.9555482487982139,0.009364298665363733,0.7986564773962398,0.8582861052927419,0.6752207277828204,0.6601204719861374,0.3353411997689578,0.6646588002310422,62.886074695782426,62.886074695782426,0.24163784781702002,0.09389932252644578,85.03001815331298,100.46669987485507,72.92620595758726,86.47935695328421,52.94825810710454,66.16625852167437,71.27891987787771,84.3900899933165,47.92335753775063,60.241175450806416,38.05384602689991,44.92604219494868,22.243563000247544,27.97058245680609,42.48321808730093,48.46506642242288,16.60682317022857,18.33998851873244,8.583113293176005,10.403792548107736,50.10532222130539,57.147241618464136,63.96740985229805,71.766189330816,41.76031685782655,50.98872862685138,46.70067744863438,52.90699473432274,41.004512748576616,46.9312047647036,36.03561514976483,39.334089483052345,-404.36248469137473,203.43649759815673,700.0000000000001,-41.49970691525736,399.3761865972488,1600.0,406.8058820811512,222.9498461868216,700.0,-20.465345037240997,353.1349007159365,1380.9523809523812
GaPt20_01.txt,GaPt20,Ga,1,121.1715,407.9402962290618,345.6428898065473,492.58,438.49418268834063,376.64988817396954,499.18,846.4344789174023,103.0278993599741,-0.9629250160667213,-0.004467465918661303,0.8147988243697056,0.8706893395346689,0.6524465714992986,0.6490634540803697,0.3015100255796683,0.6984899744203317,52.98275584605291,52.48758990356644,0.11840154719017573,0.12225695080063972,64.858583216437,74.91167220505949,51.357719283769285,63.972884843329545,58.14926396567374,67.88038555552318,67.13352916907336,82.55884848690401,46.033016750556975,53.09154050909442,25.16231619770608,30.642522282815108,58.19959402590973,62.62872527422695,65.7255672910306,71.60320497362414,22.26140770690651,22.56614849045472,23.96571334268504,24.61772403262723,69.85589075006189,72.62725748897888,60.59124762769205,60.0108136375413,58.13993316280221,57.8306402778887,117.83555986467532,116.92398380941867,30.442606650713753,37.704155006762626,26.72252991170889,26.20788220107726,-389.47169600881494,216.09460659117673,700.0,29.454146380361458,301.3652545637343,1444.1805225653206,397.66138848763916,206.76479537775907,700.0,54.59497833744332,293.03101079654977,1366.6995073891626
GaPt21_01.txt,GaPt21,Ga,1,121.1715,455.9963181780675,391.7260799995589,621.94,449.0438534532553,395.67380544137,581.46,905.0401716313227,144.03451846639956,-0.9331260433302571,0.015353593919741103,0.8564689272256297,0.8985029783342583,0.6335506229886955,0.6228236653189207,0.25637428830761616,0.7436257116923839,57.93441527091767,57.93441527091767,0.12726360001230694,0.09962106964198587,33.39050499216107,53.59654464158185,29.704874164535028,53.02215213331293,64.86294001155211,86.399917117283,63.63665648980938,92.65113268509327,66.91215859394339,92.49709568950573,63.982840168330725,96.38948341699738,95.15227824077894,98.24964497594372,84.07871193992904,90.3529044450775,58.910668371977884,59.56920508260369,58.14685865170394,64.69723076297365,59.3410380394422,68.39955738112114,67.33569353907089,81.98249917854932,49.09609786285997,56.32453254295754,50.54287152405315,72.39124530531147,28.33063206535193,31.80194397066669,31.61534697582309,36.079311390985886,-381.7542682645114,239.66516797728127,700.0000000000001,-27.762992120551914,274.85757871426034,1407.5949367088608,355.9573682831537,240.56972824588365,700.0,-17.398407045028268,297.20214683341766,1416.1764705882354
GaPt22_01.txt,GaPt22,Ga,1,121.1715,414.11001732816237,367.2900781109896,421.08,425.2948725142338,372.0925772703919,473.77,839.4048898423962,57.968586830421295,-0.9877903237986935,-0.007261281148309973,0.846746646434762,0.8909010971947291,0.6238963610858982,0.6343757735786781,0.25827213466457627,0.7417278653354237,47.53593047870167,48.03109642118815,0.0341895540084723,0.03641095243122801,82.40198118656654,97.90140139628757,81.71554996286822,96.96548338928322,51.69219407541876,64.66918874432558,59.63157273702451,73.05753110434453,53.77589487581484,67.03814943989683,40.91498968561762,51.2394634847073,43.935728195395654,54.0811578558712,62.462300519844874,74.33112189891376,5.290211238551036,6.712674221389779,10.837745688588168,12.580926032201527,81.65707814176088,91.07637502068202,81.93109332453173,90.19737412366638,60.610490139450455,72.32998815138676,56.76995709216932,76.33086927723936,34.74643947520422,42.64283476912512,31.031663503589403,35.534038738562586,-394.7640574553213,203.47303660580525,700.0,20.660660264361695,363.6217320442642,1600.0,377.5471378978669,238.4391213195165,700.0,-15.75391526309818,332.0032936175492,1600.0
GaPt23_01.txt,GaPt23,Ga,1,121.1715,466.72361003383116,323.4476343959198,521.73,393.80486508787845,323.7421179412447,385.11,860.5284751217097,53.37005465589407,-0.9863996872923144,0.0848635461040214,0.6913749732353667,0.7712676938264571,0.7833979701295486,0.7146629259839921,0.4980608961135407,0.5019391038864592,36.642279743999204,35.15678191653978,0.14303300806664876,0.34371323796279873,121.23838022939188,111.3629686471158,85.02026074758643,87.14693610873174,79.29938938856341,75.92935256079909,47.69139450449707,49.841050894216316,59.90830184008581,57.053803896919675,51.55402921033089,55.48280970385496,35.44019556068982,41.621292001053895,37.18849575047446,37.94398986599676,52.33681821932503,50.35481993523235,20.056488159089035,21.254066059565307,24.66198366201832,32.74807927883567,49.94514646422972,49.50524714347742,74.29999422394587,76.57081302053628,64.44616717550954,65.41012271392243,19.53854690981104,23.986854684373178,37.9028830761614,39.74884616777849,-398.4552950386552,184.41430905893694,700.0000000000001,-137.0809041483581,366.1660644013438,1600.0,388.7123536205705,208.74662177974275,700.0,-47.17613393841915,359.75068652420913,1600.0
GaPt24_01.txt,GaPt24,Ga,1,121.1715,476.617564980609,416.04998587537153,625.35,497.6366234837858,430.71175846507293,695.97,974.2541884643947,190.85195567882974,-0.8989676838238869,-0.007907763470466478,0.854041055256807,0.8951756517949797,0.6288472646257942,0.6263718128558462,0.2552190774816404,0.7447809225183596,55.45858555848529,57.93441527091767,0.2550135971375288,0.13781099394594976,16.764983909563497,37.15972857261896,24.96650548725142,52.256243638284126,42.05531727040185,79.6736866387851,50.453475534285,86.98531794731295,41.43057100420827,84.37801578563287,47.69796600379569,86.21892944906597,94.59941001732817,104.06833061070414,85.19124680254146,94.47719040896405,95.25583381467118,94.71444506758134,91.74448386830596,94.08019963603896,61.45818631900322,65.23912134311128,63.06697829853948,67.68275270195072,94.98073850977804,100.78538274237393,102.54905437742389,117.4838322731889,30.072524135654756,33.26492167635047,31.966913111642878,33.18208484908512,-374.754222293375,204.1973925564849,700.0,69.89047255139151,312.35130714283423,1600.0,368.5367101494778,218.43312677392277,700.0,44.36361869062598,261.98857103533516,1464.2857142857142
GaPt25_01.txt,GaPt25,Ga,1,121.1715,461.0466061556234,382.62088204755935,582.01,399.4902376433699,363.19962081960506,412.28,860.5368437989935,185.33222428567143,-0.8777743551898449,0.03403837052712149,0.8304443504627147,0.8762008313982683,0.6504662100833402,0.6311576862777457,0.2816238963610859,0.7183761036389141,61.40057686832299,60.90541092583652,0.11254754140056802,0.09236364993914424,98.35812608301013,140.8637741712318,100.58885056522816,150.91944886293984,33.436142420991835,49.79849583724689,37.09662183348461,57.683935034756196,33.90265533459856,48.361148445791706,35.52807574882416,54.88175924422677,28.518773001072695,36.08425139952092,45.9507005528509,61.41258780399388,3.2124465714992985,4.441251587811636,5.16282944137305,6.936586918573281,92.10512666061557,91.28562432143855,67.896276920538,74.62200189663366,78.3855516131694,83.25812901685553,56.09236653189208,64.6845428817664,93.1277844706659,100.20967889433322,51.17451604917897,60.184575411505634,-406.8693633421476,217.5268555152606,700.0000000000001,96.49132433485592,366.2971999509943,1600.0,409.3691814580413,207.582269138143,700.0,-30.715733195748108,443.3127767129328,1600.0
GaPt26_01.txt,GaPt26,Ga,1,121.1715,477.62438402508457,395.3475561960163,632.94,470.7205429490882,389.8557378192675,651.31,948.3449269741728,174.22414614233924,-0.901627893511571,-0.0001530072098676134,0.8152746667117058,0.8664039900711699,0.6630910141100751,0.6535192672662761,0.31661028137635117,0.6833897186236488,52.48758990356644,51.99242396107996,0.16119067661462336,0.13119963230495335,31.39086310751712,59.086305886193536,35.424002805512,67.62494989997893,55.60721924251176,85.63357461534468,60.45464394752043,92.989127447979,57.594081194818045,86.73646043383461,80.12312319498308,114.64357492455358,68.59765739747505,79.07100622497862,64.63314629919961,79.64414242866572,56.51489396814919,59.475002114843754,78.38869213631489,89.6411359950216,83.26320158428913,102.35705424456471,51.39254641472068,75.79480965764522,95.93070137800147,117.54084706704408,79.00782902879774,107.42371721749949,28.725766152322798,38.49856998560662,21.29655912203977,27.807694755660904,-391.107355222159,196.71283716295056,700.0000000000001,19.681067148507054,359.22075581628985,1600.0,397.7469415187509,172.47351799479333,700.0,-12.964831727195943,396.34745597775594,1600.0
GaPt27_01.txt,GaPt27,Ga,1,121.1715,637.7632807987459,533.2869887925048,882.86,627.184846109415,539.9121567571435,837.54,1264.9481269081607,226.15494623681187,-0.911258814551392,0.01575612116031713,0.8336439209023494,0.8812528562399425,0.6550870533872432,0.636521165112633,0.2916082184998762,0.7083917815001237,53.97308773102586,53.97308773102586,0.04259456099740793,0.033740996229564064,46.81791154385675,70.10603806663548,87.44222130538823,115.97482734429745,65.24661935803285,94.24527521466739,106.82790824325438,133.6075986274007,101.70878290287978,150.70727961898507,119.49243997029457,151.0113792085288,99.3582374783398,109.23831751758699,89.99759963693376,112.48099959876764,41.42175757075667,42.760332230237395,26.21997359518112,32.05833598067156,116.5221495172869,121.81470637864345,76.92270319333278,100.5818477253368,111.17527271226999,125.29439412090524,81.00187061638749,119.35063240327524,55.51254971532305,70.29980195126309,39.28012954864263,58.579963293110005,-383.9524034767169,216.29523066219068,700.0,2.798733590739398,350.9562574099456,1600.0,380.93733118403355,212.84425649664504,700.0,-29.885711266501364,356.4147619673867,1600.0
GaPt28_01.txt,GaPt28,Ga,1,121.1715,607.5485345325523,504.07180559920954,771.43,583.1370847429656,480.8873735940091,728.53,1190.6856192755176,184.05365283440375,-0.9312335267013507,0.0020461062835678842,0.8075443407862852,0.8635701073897216,0.6655664658800231,0.6639161647000578,0.32948263058008087,0.6705173694199191,53.97308773102586,53.97308773102586,0.04652155090048888,0.10516459653424111,52.22199851472894,63.31490717946408,71.03735374205792,84.98586602876001,116.36123855103557,134.96661581998322,119.40268091426687,131.4138410836866,73.32717633468107,94.17046192620863,101.34306625959239,115.71158675483073,127.10909811040516,135.78459708109682,94.63186814093571,105.27330577084527,55.60572159419094,57.27278599734551,48.54841241026487,52.83530376752069,69.23866903209836,76.89907320342337,58.11517204389801,74.28549816404063,78.74689330802872,90.90146897746118,59.87103308853866,82.0405482595734,34.93773908738345,33.81415647556834,30.187498143411176,32.00307042955712,-425.85696639838227,214.58723332713188,700.0,-47.199832872276275,314.4300442735919,1379.959100204499,398.4071338774899,221.39568251632352,700.0000000000001,-74.14714843989698,307.55622154436816,1414.6031746031745
GaPt29_01.txt,GaPt29,Ga,1,121.1715,430.1377498143411,366.5738833938247,568.48,431.8810941496823,351.6514140103813,601.15,862.0188439640235,164.49907982924213,-0.8959039127479858,-0.020537549546910606,0.8148292244184225,0.8709459039525226,0.6375113458206123,0.6604505322221306,0.2979618780427428,0.7020381219572572,59.4199130983771,59.4199130983771,0.05959624891087704,0.056665995792126604,28.67186896608631,61.7546115759191,20.886149022196552,43.29321639802115,45.14347718458619,82.22161326892433,64.26568693786616,104.68065035019809,32.985141513326184,62.76484680416566,30.82329070055285,55.15852197226138,93.81706576450202,113.99242874786682,87.44697747338888,98.8317270060113,57.28611931677531,64.76871564953989,59.1086484033336,64.0527291060877,67.83486426272795,93.10871498221874,64.29740985229805,90.12372776712064,79.16684297384272,108.94716905259924,75.66484198366201,104.5457019491727,25.232369832494427,35.968311382747025,29.38808977638419,42.19415726369617,-415.9710082742306,202.9962715253746,700.0,102.36086992800769,374.7496620068403,1600.0,399.30474057194107,224.5555182219469,700.0,33.013608660075484,332.71358776997,1600.0
GaPt30_01.txt,GaPt30,Ga,1,121.1715,616.3631207195313,535.4536430271131,736.01,542.0585518607146,469.98793596681094,664.07,1158.421672580246,197.20914444767274,-0.9312442692076242,0.017219208173904037,0.8398946540779463,0.8807572860441621,0.643287399950491,0.6464229721924252,0.28971037214291606,0.7102896278570839,54.963419615998816,53.47792178853938,0.0758352458280232,0.20473201790694426,43.045262810462916,69.59555456346416,16.072244409604753,27.981430000083623,83.60344005280963,123.69721710340005,42.7721825233105,72.8007701480602,59.8780311906923,93.16385534221388,47.811460516544265,82.19752866290669,124.12392194075419,132.60849478324576,88.08819787111149,104.01101791396474,76.30540886211733,75.03454261872491,42.00235497978381,42.34591204397751,82.56831999339879,79.1112073402071,91.56050004125753,91.04170485372427,104.5983364964106,107.74370393924671,140.59045630827626,141.39445602270962,42.240399372885555,37.38682987976346,73.16115521082598,72.48774863307473,-411.10300017937385,186.6415897078049,632.4110671936759,-48.4494247336062,340.24587073647064,1600.0,390.36883979849546,203.97323311824468,700.0,77.58946050455337,357.4475155214612,1453.052164261931
GaPt31_01.txt,GaPt31,Ga,1,121.1715,583.9888654179388,499.09265121021923,661.54,545.0476219159996,469.1594768076321,622.05,1129.0364873339383,103.88211895452558,-0.978869680386985,0.009983321654392533,0.8241695342221784,0.8749574533964787,0.6526116016172951,0.6433699150094893,0.2959815166267844,0.7040184833732156,52.98275584605291,54.468253673512336,0.1797464038007891,0.08467216898677697,136.9825125835465,147.88072111072063,109.22717715983168,127.23253452801889,65.53783480485188,74.84388766823862,63.916635035894046,76.99102606694426,74.09343675220728,86.56222437844319,47.1152718871194,60.21750626222045,83.95374453337733,88.84726910667872,93.71478092251837,98.72366099430405,19.945961713012622,21.683276549409328,41.03387573232115,42.299259395558316,80.94420661770774,85.83900251275296,61.60593613334434,62.98119166350073,84.9746051654427,88.95390104554644,102.91962703193333,117.30985345996346,37.556563247792724,42.62862489510037,25.514318013037382,24.01562185375163,-392.9099423222779,212.44081637576366,700.0,-81.1126108298172,351.734338447507,1391.4396887159533,373.9767298987079,224.12316811687725,700.0000000000001,-62.530839721170054,295.1718312691179,1287.719298245614
GaPt32_01.txt,GaPt32,Ga,1,121.1715,492.5162001815331,435.31174774958606,651.86,470.14581813680996,403.92514418590974,648.12,962.6620183183431,189.02649715796517,-0.9011965145562522,-0.006427861705754885,0.8484786679408018,0.8956445052934174,0.6212558791979537,0.6356960145226503,0.256951893720604,0.743048106279396,59.91507904086357,59.91507904086357,0.048503189461120796,0.05434727623094553,72.72227163957422,110.83900847862607,60.58908738344747,102.66378688399992,79.32960557801799,116.24671660306385,50.73735704266028,77.72505983444687,42.902514233847675,63.797510464526354,52.3069197128476,82.20275039186463,70.30328822510107,82.80078176723019,103.63739087383448,112.56520597566788,12.263951646175427,13.52690582168164,13.447956101988613,15.457383826765074,99.80649723574552,110.72927110627379,82.50193332783232,95.1855004824149,86.87403168578267,103.31474115558503,82.14553841075997,92.99833401671133,28.314039937288552,30.419998474752592,24.77963528343923,26.539507651002424,-381.1596338918477,244.93493025423447,700.0000000000001,18.357275000294592,308.6923266885,1600.0,406.12524502782384,226.6559410801981,700.0000000000001,13.579966496925948,323.0232760676139,1395.5555555555557
GaPt33_01.txt,GaPt33,Ga,1,121.1715,517.0669221882993,447.34533099216713,526.13,514.442833567126,420.69235986073375,613.25,1031.5097557554254,128.46626184303483,-0.9580402788240853,-0.015873197473673058,0.7944606958774812,0.8503449151052486,0.6720851555408862,0.679098935555739,0.35118409109662513,0.6488159089033748,48.52626236367463,48.52626236367463,0.04316076789550951,0.036424433049907556,76.04309348956184,92.70026923829101,95.6751571911874,117.34796976279178,39.79230712104959,51.816537361589205,54.61926149022197,69.6392744961258,22.265546662265862,29.394152082138497,20.86539070880436,25.562581633016165,66.7096039277168,78.63044778191372,70.18282284016833,81.6170288517753,15.25749649310999,18.25884703310783,6.157404076243913,6.869347602998356,109.75914184338642,100.71706839697198,121.03424622493604,115.46047103720726,110.60717385922929,95.84770071307513,68.96943724729763,64.86236754573049,76.63255879197953,65.43911334569641,76.93911378826635,71.5018499176918,-408.039136567543,207.49006057977593,636.1702127659574,145.17205410559518,325.24672306372105,1600.0,436.9613862772714,210.85536789488293,615.3799392097264,74.12111653128645,377.5190542646772,1600.0
JuCo01_01.txt,JuCo01,Ju,0,53.4763,526.890848756777,449.0672888762137,642.84,520.1527575247709,452.6818082346631,654.39,1047.043606281548,128.20340714962984,-0.9596057707450223,0.00970795507389788,0.8373593343762936,0.8880505081541915,0.6345111235744999,0.6260983361375958,0.2606094597120957,0.7393905402879043,49.36766380620948,49.36766380620948,0.06621885999629058,0.047473167672259245,93.60027294821462,114.82894352944523,84.93828192185455,104.51242855683445,96.86006917180782,119.81082342592043,94.57505515049542,119.69910980250988,62.95014769115722,80.50373390325166,46.53540848756777,61.42983375890232,54.58364928023931,70.65759905329155,50.72667788371658,60.48512574750995,16.369312020938494,19.614700927585883,14.163985791736774,16.076778550649788,72.31768928771734,86.40402248093586,87.47584969153112,98.54645528451282,94.23956440456159,110.87601117788157,88.29802206019816,108.29974065285856,35.97014395214058,39.023803624877374,53.43947653767059,56.6867107713711,-383.02087969524854,211.15281392034709,700.0,22.20676145897252,336.60167642699935,1600.0,372.82175140260927,237.47194077655922,700.0,15.685349068085742,316.86671740438584,1600.0
JuCo02_01.txt,JuCo02,Ju,0,40.3272,516.2323723351512,456.7907334579786,618.585,511.90220624690136,441.2201858298523,643.005,1028.1345785820524,117.09717278187622,-0.9665849155635271,-0.010138241734084955,0.8475899050448978,0.8926101140589769,0.6202280614774417,0.6346058502726822,0.25483391175012393,0.7451660882498761,55.04969350711183,55.04969350711183,0.028240264419909438,0.027733859210258997,111.50820525532971,144.43111193865712,111.20664600892414,133.61877275018048,90.87147992067426,118.07855614897774,79.32690629647992,94.05089293764051,56.845731284085275,72.05557002938063,64.24978929102629,78.39605827450698,79.37260783341596,100.80025546827945,66.89554288547347,81.22701515073504,12.151945959345564,16.542037256187086,24.714687654933066,29.03499488336713,73.95255825483392,96.17209299812892,64.27613039167079,77.953297835338,76.95541646008925,102.6867791202249,78.14602875557757,95.12693213020628,14.574427367377295,20.307911562236963,23.086474962816062,28.890264117894088,-382.2537527688288,227.8795445163229,700.0000000000001,-44.972992778118865,337.2965355587043,1306.896551724138,380.5001154068352,219.39553615589958,700.0,-51.15426469298658,332.2616491790687,1600.0
JuCo03_01.txt,JuCo03,Ju,0,40.5172,479.69377004687885,416.58330838526683,602.69,412.187396989884,373.38101123313567,394.24,891.8811670367629,141.48629242138006,-0.941650279630547,0.02666051895242527,0.8473496952506095,0.8889512888629884,0.6286701208981001,0.6232420429311621,0.2519121638292623,0.7480878361707377,57.75325047140473,57.75325047140473,0.11261416791733683,0.08021052699245108,80.75484579323958,119.53242640599237,73.04255119664447,116.26315652801426,33.734961756723415,49.47274088254612,32.80163089069825,49.900446475759026,27.513108808290156,43.20024224851496,45.86085368862571,64.54957693217999,67.3886109055021,74.35132595539098,53.62593634344929,66.28981946692275,7.509311621021466,8.62219769899063,8.090333086602515,10.01037201374275,110.95751295336788,117.75596232294629,82.42696521095485,91.35402086643943,78.78670614359734,84.98649940175368,62.38074759437455,68.95983122037751,73.04871206513694,79.18571942925684,53.95837897853442,64.5093645985636,-386.4628395887391,246.8827125708444,700.0000000000001,55.19229490588524,325.4679655706577,1402.2287390029326,451.813002568941,109.18178672059327,659.5940959409594,94.89389263341191,377.24638051377093,1600.0
JuCo04_01.txt,JuCo04,Ju,0,91.9436,412.2623923444976,356.75202909535733,502.37,414.6933612440191,358.30927171469676,504.735,826.9557535885167,100.80570039362046,-0.9602614481223812,0.00012937615972199702,0.8443152880620962,0.8919846336304751,0.6269030013049152,0.6302740321879078,0.25717703349282295,0.742822966507177,56.121361356309734,55.46878738705032,0.07797629098316076,0.06828351767832247,88.20273923444977,120.12468202800426,88.2401913875598,116.83919526512756,64.09162679425839,87.98422543198015,40.49864832535885,54.09560463104055,42.253480861244014,57.590797840435926,70.50013157894736,93.60493261144529,35.34569377990431,48.30643244359658,37.751064593301436,50.66753031924222,1.0966985645933014,2.4152094047815624,5.456590909090909,5.891416916362768,71.31601674641149,85.96568581893763,66.086004784689,80.4986106975123,68.58277511961722,89.48121715020133,56.74813397129187,73.52653930984086,41.373361244019144,60.5335010913122,49.4125956937799,73.65440717305088,-364.0692770828626,238.37617361417327,700.0,-6.593083840958524,363.31544265178036,1600.0,347.5110744759481,235.65084172202813,700.0000000000001,-10.973178431262294,365.18638710082655,1600.0
JuCo05_01.txt,JuCo05,Ju,0,88.6338,297.7223395375071,256.59289497532717,378.73,280.2856457980823,251.81471160946614,296.56,578.0079853355893,96.61047240268553,-0.9279508181470274,0.021728819738820324,0.8564884686133093,0.8993729874150401,0.626057529610829,0.6191765369430344,0.2452340665538635,0.7547659334461365,53.478469838819954,54.155412495007546,0.08124907973116564,0.06934594944275299,67.88862492949804,96.83179097853302,65.99848618161309,94.8904128221574,36.341319796954316,53.21789390233048,40.77183192329386,59.22458356605803,25.23057529610829,34.776564609390796,20.862415115623236,29.676002120955452,27.581324309080653,33.88800732363744,17.850536943034406,24.419598117296736,1.0044060913705586,1.8172241308659718,4.881605188945291,4.967574289457742,60.46499605188944,64.44759299217058,52.65150930626058,60.567579205998015,42.86717992103779,51.36225901026078,38.79107501410039,45.39684965459979,36.34391314156796,43.55758861211846,38.47818612521151,45.46412879921136,-350.0204963424354,248.97504246806457,700.0,17.453845277444543,348.1010410574545,1600.0,352.0191596794169,251.79148097625574,700.0,21.77493165319679,355.14764994068184,1600.0
JuCo06_01.txt,JuCo06,Ju,0,115.2119,491.03450143191884,408.3526362716379,606.76,458.5747548381497,387.03537420591414,569.03,949.6092562700686,109.57996477969094,-0.9634496409157277,0.013455728795715272,0.8142380189457255,0.8701453462082465,0.6552980994532673,0.6516532153085134,0.3069513147617808,0.6930486852382192,57.28574912834525,57.80652866587566,0.04492444927305066,0.04664314361901508,85.86186843703896,110.36967497041057,96.35872081923111,124.2929672570014,45.73737568341578,55.6035803739147,59.67571118632301,72.93183281333094,61.202556625878685,74.85701128435407,35.86478260869565,45.79242841384757,77.56806126876681,85.4162982791109,72.19473834938817,86.99801173182534,27.255466458387573,34.98721739895175,36.44522520177037,40.076140561076514,67.92437472880327,70.67460066349045,65.43186236223205,85.79157398475918,93.23168706066129,114.26471941912594,65.49581185455176,77.10155315955983,32.25311116896641,35.172626497599175,27.10790245595765,33.49124836691747,-364.54798853442793,228.44295850004323,700.0,-11.349778981771525,317.1803868391333,1600.0,375.8018475434835,238.8760072573877,700.0000000000001,-43.15096865193679,326.14076250152743,1600.0
JuCo07_01.txt,JuCo07,Ju,0,80.3044,344.1414778386454,295.1514861441956,456.66499999999996,301.4728311752988,268.66582431268205,357.775,645.6143090139442,109.81064100479557,-0.9283902935014153,0.02419820473054833,0.8523318069518103,0.8939662409597712,0.6215139442231076,0.6120517928286853,0.23356573705179282,0.7664342629482072,61.266879523413415,61.266879523413415,0.09573327745135979,0.07091183653101629,81.98567604581673,123.78528215795863,79.69578062749004,117.36529289342461,29.108886952191234,44.87735278355588,25.580998505976098,38.78232009551561,34.14616658366534,50.40203781762165,36.857587151394426,55.36783014054267,23.5956984561753,30.99397218714403,13.987666832669323,19.499812899029745,1.8058105079681275,2.2921303397650092,4.875949950199204,5.319064771537357,58.49323954183267,67.25135130855797,39.515938745019916,46.25335480823168,66.05586279880478,77.77861617399626,66.01606449203187,86.78803961480867,48.95013695219124,67.71963710499813,34.94284487051794,45.64930118569036,-387.7934519275502,182.25814998859784,700.0,87.36391292107447,407.03091743201963,1423.2888888888888,375.6712717165199,176.4648600247149,700.0,28.237196530301116,427.40921784209417,1600.0
JuCo08_01.txt,JuCo08,Ju,0,84.6141,377.82896963251807,315.8728527437682,486.75,362.3198014888338,314.5069482239798,444.4,740.1487711213518,132.55159415216136,-0.9115798497080024,0.024812332622840768,0.8396898942504751,0.885499471464302,0.6466973886328725,0.6236559139784946,0.27035330261136714,0.7296466973886329,56.01903228894476,56.728133963488354,0.10359437824747435,0.05130748475454772,97.75064279806215,140.01647893347982,83.0863287250384,110.50019908427478,28.689827484343613,39.75615532295145,43.20513529481271,57.02522877230002,40.0814108472173,55.95315200232223,45.1227590688881,61.72287868658449,31.840106345267635,41.12547670263746,38.918956634763084,48.26191917597556,8.33062507385088,10.010301477585205,9.534737090866123,10.19056359050363,51.89382252156446,59.01367185149064,40.61396786009689,48.1473832635966,74.09888810114617,83.3070042315746,65.1477632045374,76.79948776178358,45.14364646106581,56.91848208589484,36.69015360983103,50.39287361301428,-380.31878916302327,206.17273996656263,700.0,-10.01452151060826,395.05071601741395,1600.0,383.9060568030233,206.51481906396273,700.0,-41.684455773751935,383.8090627426405,1600.0
JuCo09_01.txt,JuCo09,Ju,0,77.6946,516.4826560288251,442.324283772084,632.39,458.49695792047356,425.55996296142376,462.11,974.9796139492987,195.7457583706953,-0.8989686900396677,0.03196242393159838,0.8579267089496265,0.8967339195610496,0.6389139106936045,0.6130485137047998,0.2519624243984043,0.7480375756015957,64.09711871867543,64.86937316106912,0.07225317798719717,0.07544056679993108,110.03684596577017,153.33147528629755,103.31955604169347,154.2398425210551,65.9723549092781,100.05379420901677,54.34765795907863,80.64104964285615,33.76776347960365,50.37516000196102,68.4359104362373,98.239089800064,31.246440612533778,38.70451655981988,31.333820615107452,41.512778729526175,3.126513962167031,4.025572564194638,4.114206665808776,5.301627296039808,97.16275511517179,97.5402361068251,78.8343572255823,85.82456559720582,81.54884184789603,89.57181632468772,61.36431604684082,75.88215458481928,93.62114013640458,105.55758306508625,56.74713293012482,67.28277499808371,-389.215447278023,230.5317887701439,700.0,6.528809017360621,393.6412492224065,1600.0,365.16102095451566,239.91162877845187,700.0000000000001,11.662936658650166,358.0170288578717,1600.0
JuCo11_01.txt,JuCo11,Ju,0,90.3237,385.95202235997345,344.2512186607448,534.655,377.12801084790794,328.8388766234696,576.125,763.0800332078813,139.8525297004064,-0.914661456107971,-0.007933219402838072,0.8677452294209332,0.9086327956732277,0.6056010626522028,0.6145671906132388,0.22016825326544168,0.7798317467345584,49.82081114923326,49.82081114923326,0.05844616930218791,0.06003446640611538,20.026258578702677,30.201952338820313,19.658634049147665,29.792728291269878,46.02301859641355,77.09472857743282,60.654187513836625,93.86075925819084,48.82295328758026,78.90935057234474,45.98717179543945,75.02838052805296,67.86499557228248,86.40784573104325,63.96434248394951,84.35426121742364,68.70100287801638,83.85961459043007,57.05539517378791,62.36495215999838,41.28971883993801,52.52139976466281,35.249155412884654,45.709421506057126,63.56663050697365,86.05736862621038,68.30030772636705,99.55098267598304,29.657444100066414,33.54183748194625,26.25881669249502,29.347274958929198,-320.8164018345594,231.92935924869525,700.0,12.725720754455068,275.05261269235376,1600.0,351.8984032593573,226.83666499179978,700.0,-2.312966876095519,282.1445426618826,1457.7181208053692
JuCo12_01.txt,JuCo12,Ju,0,96.3933,400.888205580334,351.54107883797155,499.62,418.04343636552227,361.56928609665465,551.54,818.9316419458562,136.73374759292878,-0.9268504793455015,-0.0034879456726818617,0.8532289077761831,0.8965855104534055,0.6308474224665491,0.6379006327144487,0.2687480551809978,0.7312519448190021,53.53069144847205,53.53069144847205,0.0938418731097972,0.09299102326837091,82.2385717249248,122.20004667336924,73.12590291463542,98.82599696785088,36.232341043460224,52.69401673722335,42.359652525671606,56.0547992606063,38.626372782906344,60.60425337028306,49.65992843066072,73.59281822720197,78.20121460429415,83.39505778714299,100.01008090447048,114.16301407074597,66.90027486775232,73.50876211347042,42.79055907063583,46.889413578377784,30.9633056736853,32.973479620400404,45.09629187843585,51.868413329209986,46.163272482107665,54.575203804941644,33.94818379836116,38.89876825366252,21.562852401203198,20.551921881302007,31.05283684265118,28.897417422150166,-339.60387523889017,230.9134694090772,700.0,-54.27157340983244,296.7149633099287,1600.0,361.65386936506184,245.86797390788013,700.0,-41.63415881531065,284.0675541022519,1600.0
JuCo13_01.txt,JuCo13,Ju,0,90.1037,419.8597470039947,366.2650066655337,525.25,451.2554338659565,390.68512477262016,590.7,871.1151808699511,114.47349039240179,-0.9562951189414859,-0.00837704653280954,0.8529521065752645,0.8955632820244773,0.626941855304039,0.6193963604083444,0.24633821571238348,0.7536617842876165,53.93785160875746,53.93785160875746,0.09345885590166718,0.031588759322607095,113.79762427873945,145.98435460097795,146.54594984465157,179.57090122016155,71.94967931646693,101.16723362173322,60.67884154460719,80.44746368472481,18.26432090545939,25.116673476013087,30.649061251664445,39.69695879144999,41.55734576120728,50.968242110885,59.363626276076346,66.26609436368119,25.25060252996005,35.75530974915966,18.58295716822015,26.042287040972365,58.197225920994235,66.40690429364977,54.871593430980916,67.89657331469829,66.06430093209055,86.89079326567459,48.32365179760319,76.8896937817064,24.778647359076786,32.912881861568536,32.23975255215269,47.331177512844015,-388.0042338559138,211.14395009100718,700.0,-17.878787318336972,371.9961975306901,1330.417495029821,388.7197640407485,223.20799037936456,700.0,-67.89849537604893,381.21448649867966,1432.5581395348836
JuCo14_01.txt,JuCo14,Ju,0,79.1145,687.6300315935803,612.1294489962961,857.23,702.3665006950588,634.956690332123,846.56,1389.9965322886387,269.37118114236415,-0.9073266577717802,0.002934463628112301,0.8589007544595988,0.8972717881413491,0.6412233034247441,0.6304814861620118,0.271704789586756,0.7282952104132441,54.60440247994994,53.84600800106175,0.03194289695139591,0.019442291986593366,52.01537596360419,82.4024609800743,62.40865916845697,95.47410720625258,92.03339820548464,144.05317803593323,132.99189055983825,190.49058803435636,101.72536711740176,159.76152621629845,108.2564728927082,157.94705885779314,153.9966081132314,162.18280092866917,102.21197775811955,113.27467571422812,55.42067736635916,60.26081268811505,35.990893466447616,40.2277147077203,83.91110830279287,100.96925430131718,94.34274485024643,107.7786102128284,109.24759888790598,120.36764798622693,118.20933906230255,145.76244439250829,39.2798976368002,50.17208872368324,47.95452293693921,68.72427738406454,-373.22874669488596,234.46266337395255,700.0,-9.343000413834076,321.7270873381238,1600.0,357.8741792747141,237.48687579306755,700.0,-16.67786355507569,342.27340418630996,1499.3103448275863
JuCo15_01.txt,JuCo15,Ju,0,90.8436,448.62386198547216,383.5219661784452,557.5350000000001,423.50837772397097,372.7164923010566,502.975,872.1322397094432,111.71138653921527,-0.9567572181356779,0.012475025260643176,0.8448595632549448,0.8892159433126188,0.6346026854501431,0.6346026854501431,0.2692053709002862,0.7307946290997138,53.49854034846704,52.83806454169584,0.06735091893725943,0.07180242253694365,108.24808716707022,143.75026953286752,99.31688861985472,132.26660313444998,32.02306295399516,47.08322369176852,52.21895883777239,76.45126278381827,37.15966101694915,49.75615394920807,29.759685230024214,41.85212445564211,26.039878934624696,30.606144839270254,24.884200968523,32.06762424320953,13.782142857142857,15.539122847530132,30.08924939467313,31.910864726174132,71.75227602905568,75.31525247968548,49.76122276029055,51.93778657365673,94.79054479418885,110.33978918900755,103.3493946731235,123.46675033241989,64.82820823244552,75.68029632602781,34.12877723970944,36.516791866404425,-366.48568511809214,205.55804918033581,700.0,14.257508955809591,380.7494759507288,1411.221122112211,342.24378112113556,214.41606348844059,700.0000000000001,-31.245745079387124,358.0355563773631,1600.0
JuCo16_01.txt,JuCo16,Ju,0,76.0547,453.12421322466145,418.3628565709184,518.21,457.7927855922177,415.1640644779445,560.89,910.9169988168792,200.31424437089166,-0.884519133333999,-0.009829448120380198,0.8650664293404928,0.9042519970527807,0.6091757591691863,0.6178519784409097,0.22702773761009595,0.772972262389904,59.95684684838675,59.167940968802725,0.06271896210371761,0.05688917450594236,98.39347443144473,144.56007244533916,91.21197975548837,139.89589193844157,65.52144866570265,107.43252564313227,55.88902326804259,91.06257679619169,35.984648350203756,59.152274007309984,39.30910082818457,64.42233446092881,62.14356513737347,74.67157040731927,59.88928092546339,74.80174729346372,23.506596555803863,28.75883598281081,11.7264598396214,15.886473374464542,70.34499276981727,81.46819580628663,88.58690285263572,102.473873282344,62.45384119889575,77.50178450912011,67.39862100696726,87.85860349042251,34.77564611542001,44.658153203952146,43.78141711581438,52.281426162030876,-379.39662026149495,228.4318178547832,700.0,-26.005295895216946,361.03163188246174,1600.0,376.09255144826807,232.76775798612024,700.0,47.23876771457354,352.58481695684543,1600.0
JuCo17_01.txt,JuCo17,Ju,0,71.505,387.5643903803133,353.7589289024092,462.82500000000005,399.10665408277407,352.51791853037446,511.885,786.6710444630874,135.83132548695372,-0.9260318050831361,-0.009007633325271146,0.8690614164719012,0.9057382374871915,0.6069630872483222,0.620665548098434,0.22762863534675615,0.7723713646532439,55.38074260541221,56.21984476610027,0.08653886444857088,0.08367708302550071,92.73565995525728,133.25887167114502,94.01451761744967,131.26151514988283,51.87090604026845,79.73172958887761,53.35549077181208,78.94832188902811,36.03252097315437,57.739973634560585,37.654913310961966,59.68474056407163,50.86495665548098,61.71711955546008,50.11178271812081,61.02043829355243,11.108200503355706,13.499964866246428,9.510770413870246,11.204788467410506,50.65816834451901,62.50404043763752,57.039598713646534,75.01299032593077,50.66219798657718,74.81745748373122,54.545788590604026,87.8907514437041,43.63177992170023,68.61688378026933,42.87379194630872,66.052402507465,-377.84964267464477,218.8658192107894,700.0,7.215630139300946,383.1008091807158,1600.0,379.6546301116662,230.29506916000932,700.0000000000001,-51.88758280115237,398.7514889075656,1442.8169014084508
JuCo18_01.txt,JuCo18,Ju,0,90.0937,396.9907324381312,345.15430796648036,495.22,438.5250771279547,370.8920695263738,561.99,835.5158095660859,125.55299908157734,-0.9410181473703705,-0.015808183529854646,0.8312242689482254,0.8827305419185667,0.6298967928087893,0.6397736100321829,0.26967040284097216,0.7303295971590279,53.2778651559432,54.60981178484178,0.026983496100527533,0.08217972087431823,94.64637554100544,127.73095405698034,94.74714682055266,129.35891454924842,55.97345910553767,82.26983717882672,47.25074353567861,65.80622793882338,28.55030407279991,40.500045096252066,35.13000332926423,47.92708494776485,48.133526800577066,56.47724346652368,54.05646099212074,62.355599937208005,8.060506048163356,10.607124773455414,8.834192653423594,11.158924497390869,52.112606813894125,60.399847556864394,75.69147486405504,91.38313422099925,82.68296304516703,100.9673299433545,72.14920874486738,87.49575543447732,26.830991010986573,33.589614374284615,50.66584618799245,57.382273837991136,-376.4954900333738,219.23703135748082,700.0,-41.28000946098541,382.30746227184255,1446.6165413533836,408.08741559711194,210.8778829572769,700.0,29.93630887818819,402.04061867551985,1600.0
JuCo19_01.txt,JuCo19,Ju,0,85.464,397.4589412728124,351.5508519975601,471.95500000000004,384.6217817033224,335.63313963906796,480.7,782.0807229761348,102.59988608510334,-0.956465892006525,-0.001063558474434102,0.8503975646241387,0.8948961103386172,0.6235376696303229,0.6243565746373421,0.24789424426766496,0.7521057557323351,55.46194889076103,54.75989890480202,0.04999260020845023,0.04455313686319168,97.9190067852129,118.25730739721322,83.26463383247544,107.43252579114693,81.07887927000466,103.6387624721781,78.5556609733271,105.87886739866654,34.786187412260176,44.17815650623239,27.78115114646701,38.53479190532621,25.58844759007955,31.894307779070452,27.06383481516144,34.86944794095428,6.054208001871783,8.321591428052349,6.24560131024801,7.118646474806751,59.87164365933552,71.20001006888867,72.31314810481985,88.15809815407346,59.497067150210576,69.82202471601481,55.01675479644361,65.73953007961558,32.66350140383715,37.962718726902644,34.380996724379976,38.14400680741088,-362.7545568706358,243.4282993960064,700.0,-31.976800528504977,345.07911547879803,1600.0,413.9037122300033,196.2248184382701,700.0,67.14420535747274,375.587519370905,1441.2698412698414
JuCo20_01.txt,JuCo20,Ju,0,106.8325,444.17585119326156,380.9302571839614,562.65,458.1211333645298,381.3680256298378,588.72,902.2969845577915,113.89931090747726,-0.9553505582172471,-0.013225815939206794,0.8203821485970094,0.8775929002934174,0.6329433785680861,0.6487599438465138,0.2817033224145999,0.7182966775854001,56.162684576322754,55.601057730559525,0.05664474810475043,0.05320617020738287,98.72661113710808,118.98542366372077,106.84147122133834,127.77684846247237,54.92572297613478,69.35959462824775,57.50786616752456,70.4147292918174,45.505985961628454,57.00396159105265,42.85630884417408,52.652228781855456,62.584759943846514,65.21246504854676,64.52955170800188,68.1616171391229,27.148226485727655,30.711103099047246,37.006738418343474,40.98095195157916,58.84614974262986,66.26461762829742,52.56387833411325,58.511924855957865,71.38174356574636,83.49816858172035,59.17449227889564,79.28267158633822,25.056651380439863,25.647429135897767,37.64082639213851,36.45508310346808,-359.08851586870145,231.392686502863,700.0,-48.19229040781385,313.9460637244214,1416.57848324515,368.9431970254463,227.32038118222513,700.0,-60.24754237788846,317.40499884761584,1600.0
JuCo21_01.txt,JuCo21,Ju,0,95.2133,461.6017799012916,398.6010532374134,597.08,482.83705869998954,404.7102663638205,638.22,944.438838601281,149.7004737887751,-0.9306558539444132,-0.014637401122502171,0.8298734707302972,0.8803130761955743,0.631733697364276,0.6527354825160139,0.2844691798802898,0.7155308201197101,49.78296099389476,49.78296099389476,0.028742700002099445,0.040225678862518315,78.2917578494172,103.62154949532656,93.84648325107635,127.23820539120896,68.20144387272919,88.96599463840147,47.55620077706605,64.81239661667607,52.854797857817914,73.08897311122386,41.0172246140922,56.59005029222641,59.623084112149535,70.28460861662583,52.281695894151,58.27094172657511,7.977142707130108,9.509497897515082,11.614466029612517,12.828118050706282,94.31062480310825,103.21434662078119,95.20690013651159,95.77718098978755,75.92253596555707,90.70427047832412,102.18246875984458,110.72769617444747,24.42039273338234,28.014351920175162,39.1316192376352,41.98659396766422,-394.3196582364282,226.71092404709984,700.0000000000001,10.723375108435567,325.51210038057826,1392.0,394.46717706560963,215.5568504915482,700.0,19.65772572178693,349.69847443211387,1600.0
JuCo22_01.txt,JuCo22,Ju,0,96.5032,452.370828843763,386.4515559186971,553.19,446.6781920845421,379.5257920941971,562.0450000000001,899.049020928305,104.56403676934141,-0.9628901775583452,0.0003950909673774832,0.8264541863915668,0.8790257299880206,0.6438043928719437,0.6462909241607957,0.29009531703273933,0.7099046829672607,52.847988460486285,52.847988460486285,0.1541483088698924,0.07041892699896296,101.71223166183174,132.40139226589096,85.1965727310402,106.87726351806555,78.45608682138416,100.21175458690958,98.11814235391628,122.84447304282237,27.944581433899707,37.77734509196441,24.98429133858268,33.61361263964992,40.018813717364274,46.809619881381195,42.06661210111895,45.11987453090942,15.318172399502695,20.178566692074305,14.337551802735183,20.386305406821226,77.93788334024038,88.58532467308821,79.92574699544136,89.77869316518147,71.92964048901781,88.70178796235074,66.82110236220473,89.8360491008783,39.05341898052217,50.59149111036115,35.2281723995027,42.583419678713895,-376.25208795996446,238.8320879756626,700.0,-13.275745144069091,364.00666111239565,1600.0,394.7318052579255,243.34993172483811,700.0,-19.51273042086213,347.3064577853588,1421.276595744681
JuCo23_01.txt,JuCo23,Ju,0,98.7231,529.9326645736277,473.0437243671403,672.4300000000001,519.5055468908243,447.0170998526048,681.505,1049.438211464452,161.77028068212127,-0.9397228713865847,-0.011126198747325882,0.8574964212335217,0.9003743040924903,0.6020862872189588,0.6318614543244886,0.23394774154344744,0.7660522584565526,44.97427653710226,44.97427653710226,0.13175525056328086,0.09433383889613381,36.55716426979948,62.728343124236645,57.523828235770715,90.33584569465272,111.19737796232532,158.41920595679971,107.66066740935793,143.9629030052379,103.64959995948958,141.89658872641593,101.70085983390723,135.26986661386576,51.94125582337451,67.68786639586004,66.89226554587806,86.3900924024556,15.742354668827224,22.23102293400184,15.836479643508202,23.83413129881881,88.157313145635,115.63000466625724,64.35891229491594,90.5734526654546,83.86811525217743,117.59469751419068,77.81710147863075,109.8274239482489,38.819483491999186,65.84745266784753,27.71543244885558,48.948210761202034,-384.93783151049666,219.5351667705758,700.0000000000001,24.52908731190002,343.9630180969062,1600.0,379.25409686094974,224.17854737097392,700.0,-23.219216385485264,357.79127338154547,1600.0
JuCo24_01.txt,JuCo24,Ju,0,81.7843,354.563564792176,315.4153551272205,448.635,373.64774449877746,323.590962184427,501.82,728.2113092909535,162.7567434321849,-0.8705590924398513,-0.017026762022330624,0.865757725561709,0.9024494200644226,0.6160146699266503,0.6306845965770171,0.24669926650366747,0.7533007334963325,56.49005982810881,56.49005982810881,0.047204356704495666,0.04519923722306647,29.97529584352078,55.45452998066997,27.762171149144255,59.85485232625341,72.46346821515893,112.24793947461427,59.371141809290954,104.08292319444705,57.765599022004885,95.07473219731826,57.26068826405868,97.28156214578306,45.683013447432764,62.217927444222916,43.49785941320293,57.33063448789518,50.32837530562347,68.67508856475892,66.6417249388753,84.37338180569871,35.35213080684596,64.02794769080403,30.841687041564793,53.85197749059711,45.441201711491445,79.13739856631881,63.686665036674825,102.80781735628189,17.554480440097798,30.365150130638558,24.58580684596577,38.844261803489665,-357.9379514905596,218.17704983680764,700.0,-26.460816276279147,342.0536742735792,1480.4597701149426,344.81739565079187,202.69353117825736,700.0,18.498886415524304,346.7259298821235,1600.0
JuCo25_01.txt,JuCo25,Ju,0,84.9041,540.8504145077721,469.6588430973797,732.27,545.1814248704663,482.9081412438353,724.9000000000001,1086.0318393782381,194.539800819355,-0.9169536047074522,0.009008663557453412,0.867893513872948,0.9045286445632426,0.6255299105040037,0.6192887423457372,0.24481865284974094,0.7551813471502591,47.347536809176475,46.64085715530816,0.07482094042860651,0.07600260083146669,61.14996113989637,107.19990365988026,55.82756476683938,96.82031259429607,91.76081606217618,139.6317838777892,97.5696243523316,149.52451791689074,111.6701554404145,160.85645688221913,104.91233160621762,148.06929841080938,81.97515544041451,116.20534199483455,88.61981865284974,123.0908481294664,22.820556994818652,35.49154508636131,45.973303108808295,61.169957830886865,64.60284974093263,105.08173366190687,43.33454663212435,70.07173601578572,60.09650259067357,95.31264127591328,86.69291450777202,139.89205496158854,46.774417098445596,87.1948184561036,22.251321243523314,36.84934307476702,-392.65465391887403,213.82488750389527,700.0000000000001,-8.34231464242407,383.59653218754494,1600.0,369.32824816993235,216.4435018229604,700.0000000000001,-38.846551843110845,336.5391075158648,1399.4654448262695
JuCo26_01.txt,JuCo26,Ju,0,82.2642,346.6824465240642,299.15294656948817,434.39,327.7120855614973,300.00264208227503,392.095,674.3945320855615,177.71070855675418,-0.8240582496268036,0.03073809726069888,0.8571144376491471,0.897359963994065,0.6334467671366067,0.6018473505104521,0.23529411764705882,0.7647058823529411,52.51373015236275,52.51373015236275,0.04528516704676993,0.03754454325490964,28.645735294117646,60.13075787071373,29.001029411764705,58.49672882105324,71.42717914438504,105.81691768891122,46.43454545454545,83.36474358938476,63.92693850267379,97.05017986390617,56.026229946524055,89.8390461212674,47.42082887700535,67.39774994346105,52.86262032085562,77.31739699896406,35.963516042780746,52.68203991890521,53.659197860962564,75.65358935289781,40.10414438502674,67.62688142580747,26.525935828877003,44.3718588169674,43.878315508021394,75.65870251606106,49.412245989304814,87.87142374514205,15.315788770053476,22.39763218705044,13.7902807486631,16.99148141559709,-374.6849667428292,223.88130049565427,700.0,-57.125064607494096,329.6033002951085,1445.2705882352943,349.70455896526045,212.47631797859194,700.0000000000001,-67.44988455801901,326.91559618822214,1407.506702412869
JuPt01_01.txt,JuPt01,Ju,1,82.2642,346.6824465240642,299.15294656948817,434.39,327.7120855614973,300.00264208227503,392.095,674.3945320855615,177.71070855675418,-0.8240582496268036,0.03073809726069888,0.8571144376491471,0.897359963994065,0.6334467671366067,0.6018473505104521,0.23529411764705882,0.7647058823529411,52.51373015236275,52.51373015236275,0.04528516704676993,0.03754454325490964,28.645735294117646,60.13075787071373,29.001029411764705,58.49672882105324,71.42717914438504,105.81691768891122,46.43454545454545,83.36474358938476,63.92693850267379,97.05017986390617,56.026229946524055,89.8390461212674,47.42082887700535,67.39774994346105,52.86262032085562,77.31739699896406,35.963516042780746,52.68203991890521,53.659197860962564,75.65358935289781,40.10414438502674,67.62688142580747,26.525935828877003,44.3718588169674,43.878315508021394,75.65870251606106,49.412245989304814,87.87142374514205,15.315788770053476,22.39763218705044,13.7902807486631,16.99148141559709,-374.6849667428292,223.88130049565427,700.0,-57.125064607494096,329.6033002951085,1445.2705882352943,349.70455896526045,212.47631797859194,700.0000000000001,-67.44988455801901,326.91559618822214,1407.506702412869
JuPt02_01.txt,JuPt02,Ju,1,55.0361,350.7336712079927,298.6479311790868,418.0,371.95975476839243,310.68597208187464,462.44,722.6934259763851,98.37731426445156,-0.9486279718229219,-0.01676185841750563,0.8214590072596378,0.8700427402654112,0.6606721162579473,0.6683015440508628,0.32897366030881015,0.6710263396911899,57.78025695861444,57.78025695861444,0.14485987337752224,0.08946020257716132,48.36687011807448,67.94003209297308,32.557622161671205,50.36495851021353,37.053495004541325,52.33854968366341,36.05450317892824,53.75940223933863,40.025073569482295,55.32972840996979,27.235120799273385,42.572796142581,45.47411989100817,52.01913038127547,63.59238873751135,72.83923133733886,73.8015676657584,81.57365989919707,66.40788919164396,75.87735482689367,46.597019073569484,58.6886382717721,46.40527338782924,58.51216141879326,41.697133514986376,53.260262675530065,75.86433242506813,94.70383155310844,17.718392370572207,20.45798044353059,23.842624886466847,27.213611799427074,-357.42578598877805,215.08339893104935,700.0,-55.223349283145666,351.6568250838213,1600.0,354.65207711708774,220.45004257041094,700.0,-5.0355650792552025,347.4348722665513,1600.0
JuPt03_01.txt,JuPt03,Ju,1,53.8362,409.53394243268343,337.3227309983293,538.45,431.7583342618384,372.9519265544298,466.95,841.2922766945219,124.8110873322407,-0.9431328266959595,0.009379279654094906,0.8206123669224699,0.873364049162457,0.6560817084493965,0.6571959145775301,0.31327762302692663,0.6867223769730734,50.15212812196998,51.266619858013755,0.19026139588553848,0.06311091309695717,28.61828226555246,47.61796967717747,23.689015784586815,47.71267723828622,71.83731290622099,99.47264952802786,53.24437140204271,82.53359292108718,41.33211699164345,61.16561229362991,46.85877437325906,73.27916930823702,43.42080965645311,49.15967401103183,59.51988672237697,74.71001275265913,62.50731104921077,73.44344663661407,26.56709377901578,31.839547577474793,77.3020965645311,83.23663387742296,90.00667780872796,105.63576470329787,60.10592014856082,72.52010437514757,77.74703992571959,105.22279030193974,24.410092850510672,31.119323245946642,54.125474466109566,74.7111863435974,-357.446939288296,235.66568112441715,700.0,-3.868201462645901,309.1684628322217,1600.0,357.88265769294213,241.43821506152153,700.0,62.11867362283586,339.73007446173614,1600.0
JuPt04_01.txt,JuPt04,Ju,1,62.8456,597.1157858733694,500.14867081984255,750.97,510.49820553611204,415.83952772189105,632.5550000000001,1107.6139914094815,174.05443271612376,-0.9442572915576537,0.01126022057500507,0.8115926022751497,0.8640853165719383,0.6563792554883869,0.6735602927139676,0.32993954820235444,0.6700604517976455,55.373805007828715,56.32852578382576,0.03789950345231333,0.04216140736600033,45.193410754056636,53.084363869337786,90.91297009226854,94.39857970932184,66.86866051543112,76.7783439155833,47.86072701240853,57.31211987054958,62.260787464206174,71.6732359602035,82.18620426344256,92.15301517508608,104.09324848870504,103.1356405559683,82.95896913776647,86.49973985468635,129.28975819280942,120.92179051184526,46.47606745147948,45.63650989201159,58.03777441934458,61.612201998113456,48.38090836780147,54.742122414856844,111.52470569519568,109.24046667048154,76.09366369710467,77.04897613077462,19.847440343620747,20.36432604025958,35.628695513840285,32.87526990970403,-341.7008436233925,212.7687316697034,700.0,-6.656512398075465,242.83787344106275,1382.3562891291976,382.85373886404483,203.64187469646888,700.0,-103.87494730810411,351.89084424913835,1600.0
JuPt05_01.txt,JuPt05,Ju,1,44.1769,373.08970581579547,330.195556640284,487.74,386.9411925775062,359.64291154413917,456.61,760.0308983933016,114.09790952801615,-0.9488381839077907,0.021606709782262593,0.8861535598055563,0.9213112932113872,0.609866485630233,0.5861054537225616,0.19597193935279475,0.8040280606472052,51.61068341146617,52.96885929071528,0.05871080421321677,0.05862456806096076,33.77136908802896,60.596375473902036,19.652611450554428,40.86084628191053,34.004985290789776,56.064591286115814,28.6051029644716,53.93083517079577,61.29790450328129,102.84230547243068,38.32381081692691,73.35438304698076,39.97980991174474,51.29864299188041,60.740959493097996,78.35133245065964,49.7679180810138,56.50716839667006,53.38522290110885,59.45577659414676,52.4785132382892,71.27270957014976,48.099149128762164,63.03631620550583,59.7877008372935,79.9161703220384,91.97466168816473,117.47771882283264,42.00150486535416,67.03738387509331,46.15967413441955,71.23303433688423,-309.8759718734956,230.53315079506825,584.3373493975903,47.84633647546903,333.6868396777601,1600.0,299.79122913504574,231.72152767309896,700.0,100.56591738214325,288.3968211446887,1600.0
JuPt06_01.txt,JuPt06,Ju,1,68.8452,488.06151757188496,400.52643181707583,613.14,510.3439137380192,445.2742603890709,574.86,998.4054313099043,114.43525637447267,-0.9688998428475177,0.018582685720615805,0.8147832549666139,0.8694389368319896,0.6713621841417369,0.6389776357827476,0.31033981992448445,0.6896601800755155,56.64882954802948,56.64882954802948,0.05811309660540449,0.04351438463435326,96.4608785942492,106.20309468256842,100.76190095846644,111.7936442382717,64.93129392971247,69.63122888148818,62.83522364217252,66.2258886670637,71.56193290734824,78.73831588519273,78.46554313099041,85.05625933193905,30.237364217252395,31.84895409457686,31.921134185303515,32.50902696693069,33.78202875399361,36.77563295323405,27.81562300319489,32.46217328307563,53.31555910543131,55.47702531198797,43.193338658146956,45.85031783491394,87.53448881789137,93.45055120364914,106.82562300319489,103.91374155998452,50.23797124600638,59.0105961260292,58.52552715654952,61.018105686158584,-358.47457623540976,211.4088949521424,700.0,-27.84550026419504,338.1049629520903,1551.2367491166078,345.99713259517796,212.1494266478521,700.0,-7.36010861276111,300.8273135415837,1600.0
JuPt07_01.txt,JuPt07,Ju,1,45.7368,499.8586338797814,422.4157740289189,653.4,480.06731366120215,426.4729659092454,598.62,979.9259475409835,150.40424360181962,-0.9372603033267823,0.017856549075331605,0.8395961988089368,0.8921664350023125,0.6308196721311475,0.6181420765027322,0.2489617486338798,0.7510382513661202,66.90454950936663,66.90454950936663,0.06589936443944742,0.045444602771445915,79.92782732240435,116.08557095842684,75.83599562841529,116.19851701003385,41.52768087431694,59.75360440589315,58.538802185792356,84.60023664661702,27.62567650273224,41.52583745586833,31.67023825136612,47.866753076714645,73.02800218579235,81.83060212553319,78.96422732240437,87.34886238406857,4.959256830601093,6.18714449833909,9.838688524590165,11.58610505217488,106.17238469945354,111.00684491363283,89.0120480874317,91.80339206098921,87.79185355191257,95.02211023518659,89.97858142076502,95.34575754261755,78.8259519125683,91.47498724970832,46.22873224043716,54.60937709155097,-375.70317527695977,250.51623383190312,700.0,64.2232461845113,323.0387861168098,1600.0,369.28767159485886,250.65378978012367,700.0000000000001,52.25473608180624,306.48078257855076,1600.0
JuPt08_01.txt,JuPt08,Ju,1,43.6169,518.1050676140271,455.37687650941075,644.71,476.3826197570479,438.22204157316094,564.19,994.4876873710748,204.11529605574685,-0.896348074042437,0.019439814343705654,0.8516823013578338,0.8969671919527504,0.6215906486362595,0.6110474444189777,0.23263809305523722,0.7673619069447628,63.278224724819964,63.278224724819964,0.09310251056675867,0.07525025608168473,78.57154022461609,132.0517626117066,72.87934907173963,122.47592604803116,28.81046986018794,49.41715968757837,30.578941095576436,48.734025121704065,28.91492321796928,50.83456532586963,43.01761402704561,71.55346153432019,44.56162273664909,57.70152787189516,77.85914966765986,86.04824403802402,8.590034380013751,13.050429229343349,16.192842081136835,24.872871407529747,108.42268622507449,112.98178764404047,86.07294522117809,89.54673487236487,124.06777217510886,121.83565846972957,109.12622736649094,109.07383938531758,96.1660187944075,110.47835168029349,40.65555122622049,49.97112026687419,-380.1065857363906,220.156323630639,700.0,110.20814657441365,377.9939405985712,1429.3943244387972,359.94551044435576,228.21665144112475,700.0,72.86330781004364,317.7882308257411,1402.8873917228104
JuPt09_01.txt,JuPt09,Ju,1,98.3331,552.688317234367,482.5873732417258,663.63,522.274128113879,439.43457184616767,605.77,1074.962445348246,147.57270812158157,-0.9530439114300695,-0.0064903627249098235,0.830736982882308,0.8791726237200621,0.6310116929334011,0.6605998983223182,0.2916115912557194,0.7083884087442807,59.186581120700964,59.186581120700964,0.06104155730494888,0.04948200496027669,78.28228571428572,104.50157178104749,80.37606609049314,99.79521944770634,67.54227046263345,87.11523253358062,65.3030350788002,78.39697985951582,70.61437417386884,92.12784695038508,71.69757498729031,88.96545755295624,118.01486731062532,123.79010574269118,81.3920589730554,85.68856312384614,25.661115404168786,28.229994867787063,32.702457549567875,33.898329810105615,92.87443721403152,93.51308681151964,75.85619013726487,74.58646289381278,62.318953736654805,65.47604066467295,60.56773360447382,60.546155865544165,37.380013218098625,41.715604764453374,54.37901169293341,57.05607876970561,-424.456204660977,216.6602370045948,700.0000000000001,20.586207362771493,295.66112341681577,1285.1890391952827,379.4139679278551,226.79694972107046,700.0000000000001,4.360863916904419,314.96973927521884,1600.0
JuPt10_01.txt,JuPt10,Ju,1,93.6834,557.1049434364995,483.507457655932,703.78,476.92630736392744,422.8300749190565,541.255,1034.031250800427,191.58662717443192,-0.9192343731152965,0.0202113655371719,0.8454355689900799,0.8887032727675716,0.6334044823906083,0.6338313767342583,0.2672358591248666,0.7327641408751334,55.079128212682285,55.079128212682285,0.08245302228052019,0.0936780346454242,74.14307577374599,112.83120838571102,73.79512593383139,106.82833660156238,30.10671824973319,46.247220374156235,48.76202561366062,72.70890943291317,67.94749306296691,104.35505005711947,50.160739594450376,77.10062361853213,116.4150779082177,125.0471121763682,57.30151227321238,67.31581385284892,19.031408751334048,18.444237774046933,43.062640341515475,42.67781971082628,112.40951654215581,117.1571009160766,65.41043756670224,67.58206254506311,57.70179722518677,54.69435700479585,103.56566915688367,106.92786635098948,79.34985592315901,97.76012793432663,34.86815688367129,40.56488375599772,-417.8020058682715,221.5311829631456,700.0,69.35413072330911,357.914062273489,1600.0,363.9591094160064,204.11414525604474,700.0,28.152435418216193,339.67716231086825,1600.0
JuPt11_01.txt,JuPt11,Ju,1,135.7205,387.59482982171795,317.03784598844106,487.025,436.70948136142624,368.28698515238375,492.415,824.3043111831441,118.64010532745924,-0.9509724612284343,-0.0009539288027671267,0.8004703306371725,0.8600945672274636,0.6741564756151466,0.6609695005156918,0.3351259761308384,0.6648740238691616,59.23939272254376,60.12356276317875,0.11272868264598526,0.14380367828526405,103.96666126418152,106.26572710315439,124.47072933549433,124.59218512588885,85.04029983792546,90.32617922728652,53.97712317666126,54.30967054007245,26.696596434359808,26.66428138971691,55.04568071312804,54.458823017389804,22.85503241491086,22.637374459193726,30.993452188006483,29.355094454221597,28.767341977309563,28.716379212468613,19.64160453808752,19.690248601021473,42.29212317666126,41.00139701771881,30.71682333873582,30.459438264255255,59.981952998379256,65.41916097633064,95.47803889789303,93.01105033186333,17.994821717990273,15.758210676864584,26.38602917341977,24.146785403747703,-380.1714332662538,210.6683287915839,700.0,-60.60506915380733,322.0668921920769,1460.8150470219434,351.84614163714593,200.74744165154794,700.0,-60.38288255857154,305.6545937048682,1600.0
JuPt12_01.txt,JuPt12,Ju,1,98.5631,441.1222834246298,371.012134200775,533.665,393.49881111787386,350.01992615104956,431.42,834.6210945425036,134.83528205963012,-0.9316969949143856,0.029796576148515323,0.8359113165781729,0.8794457696835078,0.657334144856969,0.6257861635220126,0.28312030837898156,0.7168796916210185,56.61347908091365,57.22222616780519,0.13046200016729242,0.115844537445718,53.41658247108946,79.48303277226887,55.9539247311828,90.92810631349016,44.96150131872591,68.89530671473902,40.534196591600725,62.72254913006811,15.064231081355246,23.170878976952444,32.50337086630148,48.750035026061376,47.51205518360722,57.46797260938502,59.84513288699534,71.9686016159201,11.681881720430107,15.055772650342849,16.263407384865083,21.250078452818894,78.43888212619193,74.52126721333077,68.96931933455062,68.24225258794439,87.28418543315074,84.24447684538151,61.8962233718807,65.47190042508682,102.76296409007912,100.53010190880144,57.53323595049706,61.114071025709634,-395.262104012714,225.25163600245867,700.0000000000001,131.44690077175636,352.93553432732955,1447.0308788598575,397.72601395404354,220.89941905557663,700.0000000000001,113.08072435297119,350.51144119167265,1600.0
JuPt13_01.txt,JuPt13,Ju,1,163.7585,353.84810477469773,301.8449784962642,391.105,419.0424948101112,342.6058764851251,497.64,772.8905995848088,80.78514380933561,-0.9764790304967981,-0.03862378061889212,0.8041577941222118,0.8561276781346725,0.6663206740749786,0.6918427158383197,0.3581633899132983,0.6418366100867017,54.59258603370207,56.79094520284443,0.12681704391413193,0.21512711073679866,8.429903529124434,11.40327390375212,7.6511991696177795,10.262242605907238,31.94348821589938,48.072222139301196,35.0117279277079,50.77645932825093,23.447798265966544,38.2258905139042,18.580912809866895,25.94331665121393,35.47707534497497,38.85963416516925,87.55335083648797,88.01507149059651,58.20796617413604,59.75983806104244,43.83425448772744,42.42663385263043,53.290862742703624,55.71536911716638,78.57440102576628,74.88960641726521,101.89137196238856,103.5188372197441,116.31375686897057,109.20990579480903,41.159638539504215,42.79661897173826,31.5228916839663,29.175799125523298,-359.4908360072643,202.88967302514803,700.0,122.51977132119846,312.47394394972054,1600.0,387.2455255473361,215.84433056046265,700.0,99.87891015608741,285.38157944072384,1600.0
JuPt14_01.txt,JuPt14,Ju,1,118.3917,368.7240782028545,309.33632054858447,477.18,389.03916730005903,330.0315135412721,473.88,757.7632455029136,105.04593006701671,-0.9480542651206851,-0.0017463333036718918,0.823817106658625,0.8791564601381264,0.6595726712270923,0.6403175407482476,0.29989021197533994,0.7001097880246601,46.11809780584281,45.611305522262114,0.07401917684569688,0.08254661513933546,26.579431635841566,35.522805512325554,20.237705430284606,37.47270530395116,56.72913943079133,71.01605642237224,75.02508149649523,101.78022867758689,77.87629338738283,107.49458839084812,37.6267164935394,56.639132070300946,69.99495735157504,82.33984392776952,78.82622667004476,94.04998288679968,29.413708301663707,33.5860965103092,30.42886496072967,31.612407658360524,45.557065281648505,61.72459773764734,61.94335866903133,79.09843994778025,38.3166480871548,50.74034153949079,61.9249556625285,80.70015455619198,24.256834726796722,32.573195542181615,23.026257917405626,32.85735126741767,-369.3750600306722,230.9348746034541,700.0,-24.46515799744167,309.6097613994741,1600.0,360.1096428970296,254.46729001821012,700.0,11.477491438938172,283.16386193312115,1600.0
JuPt15_01.txt,JuPt15,Ju,1,96.5032,486.4808350600911,416.72608645480597,604.835,496.5005677579776,432.67971057501046,569.9649999999999,982.9814028180688,139.03314465150856,-0.9471027364393914,-0.0005490797554783158,0.8384343642864731,0.8863870207503874,0.6343762950683796,0.6371736427683382,0.27154993783671777,0.7284500621632822,59.68713990831392,59.68713990831392,0.06051992184569452,0.06224576367458957,79.79739846663905,114.32410759906764,102.10444571073354,133.86618337775784,47.93664836303357,69.19077978427835,72.07988188976378,93.93871759146771,21.45700891007045,30.929997888945906,52.510811230832985,65.2149240554287,59.01598010774969,66.55925338066375,52.19218503937008,64.69475347321419,4.792350808122668,5.613494751741082,6.59242125984252,8.542922806524617,104.72118524658102,104.79384617777082,70.1681703273933,74.67022496942029,77.89090654786573,81.67232754229357,71.1903087443017,79.41250402076949,90.86935661002902,96.41907019879876,69.66234355573974,78.23663649964735,-411.5775216427613,234.27450157625967,700.0000000000001,94.72257125480122,332.08586874123864,1600.0,371.3869617677084,236.2932208902515,700.0000000000001,18.601787300017975,353.18730239485285,1600.0
JuPt16_01.txt,JuPt16,Ju,1,142.82,466.4266143937273,420.4202667333946,495.33,472.4558527023243,397.1874546047338,566.94,938.8824670960515,107.1468205310179,-0.9672406664193406,-0.03362128757223152,0.8350876051337458,0.8824720896111449,0.627905348641837,0.6594091290954914,0.2873144777373285,0.7126855222626716,48.73267049432853,49.152779722727914,0.19510205676113673,0.09984779928345267,59.904595351442175,81.54185811081435,77.52812167460095,102.78080148588941,36.92987398487819,50.65821476715232,57.053066367964156,73.49944464520867,29.18283674040885,39.34857183086172,59.31130845701484,73.0927790637577,44.80157378885466,50.61732280118728,46.38647017642117,53.82249069209225,18.418500420050407,19.83680447186311,22.11646877625315,24.837880953285552,80.00028773452816,80.32474316067172,59.629356622794745,59.902515281476795,107.1374509941193,110.5592072909731,108.83160809297115,116.66432065149532,90.05149537944554,92.33155157802842,41.59945253430411,44.934900616486594,-350.21166598855416,231.3156035415768,700.0,78.09200142027149,313.2543552702374,1391.6167664670659,345.30915300085974,216.15479864437395,700.0,22.157965790052263,330.59009504301105,1600.0
JuPt17_01.txt,JuPt17,Ju,1,97.3532,431.0154390469344,401.6600821195462,477.62,488.67659854164526,409.6738339815553,588.72,919.6920375885795,168.48586903991924,-0.913937003169538,-0.05793545763151286,0.8479263338031127,0.890442226250186,0.5970011297114101,0.6657081236520489,0.26270925336345896,0.737290746636541,57.31706816006048,57.31706816006048,0.12627327073510747,0.11978815925387776,57.00155489370443,93.9407288337998,100.00395193591456,139.40321112486816,28.95558796343843,47.22144291715225,60.77522029372497,86.17279652225224,30.508082571633974,53.06515811511574,39.072277909006885,58.63388236547561,88.52037896682756,92.01511949200538,81.08885488343432,91.79057397416983,34.62734928622779,33.447767687280816,31.61535791311492,32.46544561465886,83.41454657492041,84.39944208403298,52.051159494710895,57.826062437029854,61.81578617644039,57.06130664911869,79.04184040258806,86.92709393934348,46.172152613741396,46.012795487959025,45.02793570915066,49.922001099794905,-380.99324013911763,248.6519358182795,700.0,78.88970572835706,251.34190494947487,1600.0,375.7138286205919,221.0456217140695,700.0,-0.012801879492088558,347.55585926495945,1600.0
JuPt18_01.txt,JuPt18,Ju,1,263.6315,434.9765595843132,359.4413523569492,477.29,483.2634722748995,381.43538220981543,542.08,918.2400318592126,79.800259920736,-0.9785405270004445,-0.031724144218584015,0.7627428939080967,0.8289625286577099,0.6816733672153531,0.7133050140332247,0.3949783812485777,0.6050216187514222,39.14554975410753,39.6007305652018,0.17356417507040048,0.15102442944606534,16.5406022908291,17.477861709513384,8.035285974360919,8.49240348597419,63.2990840476371,74.74427260559158,37.01728627778199,54.54704844344116,96.73904649927938,100.64044675714783,129.33672836228476,130.23471072210853,34.408030038686185,37.71434270004215,42.179209208829555,42.70416744210998,37.653034210725934,38.32326773762421,47.16707046954411,47.6827080796722,61.9284146248957,64.38358641940475,74.51079003261776,72.8794209370893,88.49838352423575,87.90021947397949,106.01006144276721,107.17340774315876,35.909964348023976,46.2060269936516,39.007040506713196,45.10688542397435,-356.66872211582404,204.0275979320214,700.0,8.457102504526366,328.15491196922534,1600.0,353.4918066466578,181.2398642068565,700.0,28.200998593725416,301.9338752640938,1600.0
JuPt19_01.txt,JuPt19,Ju,1,93.0435,367.7821276595745,329.2873965543103,458.48,419.3759574468085,337.6964144314061,589.655,787.1580851063829,147.12227518600864,-0.9029927486588288,-0.051375162973517824,0.8334530070136585,0.8817449413140941,0.6088545024715237,0.6639802278100151,0.2728347302815388,0.7271652697184612,56.74765029260507,56.74765029260507,0.08567553768630459,0.10595541435213252,59.031111111111116,85.37939987004879,101.4293498817967,137.46740688771698,57.154089834515375,90.74070651571242,33.525023640661935,48.25140071399301,12.801193853427897,21.295661510404663,36.73418439716311,54.60760156069721,29.240886524822695,36.66498251507963,37.285555555555554,44.5609877120491,20.945437352245865,22.550919723245848,14.180638297872342,14.394404721954695,55.762576832151304,58.85047190129682,68.62692671394798,71.86733659184473,92.5194917257683,101.11201744932744,76.24851063829786,91.63009374295153,40.327340425531915,48.35561796757389,51.345768321513,62.49606081251103,-379.0811097009707,215.72538858228444,700.0000000000001,-10.86972836535717,386.5242175423628,1386.3192182410426,386.94407565924024,211.5746118194073,700.0000000000001,10.478404562592546,376.28939862930434,1406.2032085561498
JuPt20_01.txt,JuPt20,Ju,1,94.3834,464.1211472457628,408.91175446692114,583.165,472.05499046610163,408.0615023832399,611.5450000000001,936.1761377118644,153.48339823791693,-0.9294130738932221,-0.00814074328080736,0.846070855127471,0.8945420948428477,0.6172669491525423,0.6274364406779661,0.24470338983050846,0.7552966101694916,57.21345067035093,57.21345067035093,0.05270283452098445,0.0425908281431313,100.9790095338983,137.18366815413737,86.38954872881357,128.82803843356297,53.86645233050848,75.79767653079485,35.06458580508474,53.04750416937284,41.99245338983051,59.936291686075606,36.437884533898306,59.9788759607078,76.87229978813559,86.57296953046755,135.06931461864409,144.3496997804355,24.3056186440678,26.404101546812726,28.125345338983053,28.19979237901804,72.7818845338983,79.73342869724902,66.91775423728815,73.52020058347004,65.6377690677966,80.69999606818018,50.38086228813559,59.49089087014422,27.68565995762712,29.177019858566226,33.66969491525423,31.499118741912334,-365.02540653742903,240.44224589510935,700.0,-37.46106821864261,323.36627617644984,1600.0,400.40799207187126,246.3966912086113,700.0,-36.39947332215339,302.24595389910087,1600.0
JuPt21_01.txt,JuPt21,Ju,1,178.1175,466.9395767373975,378.8239745316996,514.03,459.86112551925453,382.17874228405105,492.58,926.8007022566521,54.76547064911466,-0.9896807781364519,0.010794651601567487,0.7738506894672967,0.836243418557283,0.6902436286067138,0.6812619288200292,0.371505557426743,0.628494442573257,46.14931154996,47.49673670470335,0.23684201027038385,0.08350864700200508,107.85303020096552,106.00520764416844,132.30898057707418,129.68076035212854,53.41215673066128,56.787099963854814,50.8449219714831,53.13656183030594,57.029664870326705,59.27583324811466,48.12919894465028,51.39099710639805,30.18973896934995,33.891318787551434,29.42575951498821,33.721911787033335,9.200746042438533,10.749170811922239,9.181591444930953,10.54598567640659,76.90694397664757,73.5828868668245,68.260915572022,67.88264601582128,102.86485685415965,98.59380721894114,61.84974458291232,62.991518997820144,29.482439092848324,27.99880616903672,59.860012911193444,56.81779473556927,-395.80606926144037,196.68500807972106,700.0,-28.473277459861357,332.02190239954103,1362.6429479034307,398.84875291077265,201.14241299766718,700.0,-24.05059364571923,355.04002803963283,1471.1111111111113
JuPt22_01.txt,JuPt22,Ju,1,85.754,411.3627305584703,386.1569850968629,472.89,421.01213011542495,371.426639290804,558.36,832.3748606738952,162.93253150821286,-0.9082123268336629,-0.024730436562491565,0.8734682593286687,0.9094458408492161,0.5954296374023551,0.6174653142124286,0.21289495161478372,0.7871050483852162,60.17212025095039,60.17212025095039,0.02748308804045716,0.035825901872136155,55.33005129998834,94.33177649811398,64.45516497609886,106.66938790982285,31.733903462749215,56.31382163705417,38.08931794333683,60.6638876505948,25.3335117173837,45.67522638077397,29.973441762854147,49.59177727366384,85.24194590183046,94.95801138994734,70.67013291360615,77.57364514832523,27.392346974466598,31.630517275116674,22.679763320508336,25.127551695175566,63.261465547394174,65.1195934638318,75.26195639500992,78.00660088179906,84.85933776378688,92.16251904622152,81.43306284248573,89.45343780630556,38.210167890870935,39.608490917678544,38.44928996152501,41.63683830423409,-364.31694617658013,228.31322364995603,700.0,69.66926751116574,310.93505972981586,1399.264705882353,383.70614315347825,221.2517644307056,700.0000000000001,72.11828556984241,320.4544468465982,1600.0
JuPt23_01.txt,JuPt23,Ju,1,86.7839,416.8903940092166,385.5251536015804,515.9549999999999,421.95489285714285,373.3241819099954,567.655,838.8452868663594,194.29601638439215,-0.8693699742348855,-0.014098485310647389,0.8654405140386856,0.9051031473895945,0.6054147465437788,0.6205069124423963,0.2259216589861751,0.7740783410138249,60.84077807058683,60.84077807058683,0.08454667552612705,0.07487441973689273,86.06062903225806,136.64051155711653,89.81100806451613,145.82558352600682,38.41300115207373,63.79505231519617,45.67501612903226,75.2701601836882,30.12034447004608,55.38549978543773,26.496604838709676,46.10662978138573,53.577096774193556,60.95598382998899,54.86092857142857,74.03112833978813,8.617574884792626,10.805581023256114,7.608831797235023,8.864544142362435,91.70459216589862,96.87867648487153,73.16680414746544,83.53757147887632,74.8182361751152,81.4106316437993,69.55061751152076,93.84271021768909,33.5789193548387,36.407110944945245,54.78508179723502,72.13656233540205,-388.18794531849375,227.71838758666124,700.0,53.04774803383686,344.72555732504685,1600.0,378.66501821361476,228.7951758528378,700.0,45.972504774249465,398.32682508646394,1600.0
JuPt24_01.txt,JuPt24,Ju,1,122.0315,429.82242687423195,364.36615039726576,568.92,450.1734813600983,399.19029643044416,563.97,879.99590823433,129.00620186593198,-0.9469586555297052,0.013521688930824626,0.8478098586351539,0.8919104362944615,0.6434248258910282,0.6273658336747234,0.27079065956575177,0.7292093404342482,54.084396241953925,54.084396241953925,0.12585045372175513,0.21731241321909814,91.25095288816058,113.41704529309793,41.79621466612044,62.76818908551345,46.03921343711593,56.320160303863915,29.82441130684146,42.762201417194056,57.95922081114298,73.04386903865938,47.55873658336747,71.96880864893085,52.90191560835723,55.423508071476704,59.686766079475625,65.31539512460488,35.012562884063904,44.84597970974926,42.48007128226137,52.20398189150707,60.67890208930766,66.18264230427108,77.8317099549365,80.50648717839616,59.48061859893486,80.11739776732996,108.15197296190087,127.80014213428926,26.499040557148707,31.776900629845514,42.843598525194594,45.32359145428408,-359.1884947334547,228.6418949406707,700.0,-48.94510981518703,334.5074975960947,1600.0,349.04644291530076,216.74845970855762,700.0000000000001,90.91826140644352,290.3321989734613,1600.0
JuPt25_01.txt,JuPt25,Ju,1,97.8132,458.3147132781355,397.0430434590078,606.1,455.4794613104365,393.849147499242,556.16,913.794174588572,108.34490044015018,-0.9624990834025452,0.0026020318872035566,0.8461416839381799,0.8897148759775836,0.6308903199427578,0.6404988244914648,0.27138914443422263,0.7286108555657773,52.140201935935025,70.54262614861798,0.07739639827945684,0.5500983886080959,35.23897168557702,65.37028772844431,14.244162322395994,19.553116393510614,63.47044975978739,104.34658678858247,28.353925176326282,50.70345955255207,59.6334140856588,98.86022209732243,33.43955024021261,62.411634324471294,79.7445129305939,91.9370367993474,89.4878840846366,95.67961540702557,78.05707042829397,92.83806048360447,74.69060717571297,77.97077552768715,38.317903506081976,48.947778116386594,70.1853521414699,75.13437353837574,79.09972605540223,105.67697884419916,102.01436880302566,116.42951061623697,24.752664826740265,28.15442856025912,43.06361136665644,39.71058887557546,-343.84150754558857,227.82812170443935,700.0,-6.543868468073353,302.6207573309712,1600.0,383.23691020763175,203.08549137788177,700.0,20.23649396851111,364.4752970539745,1600.0
JuPt26_01.txt,JuPt26,Ju,1,116.0119,457.0752176161338,390.2146629847497,600.82,469.1706481082478,384.6770951379283,698.06,926.2458657243817,163.03642660180154,-0.9115621693876447,-0.021507614666852727,0.82480643729,0.8768017388448126,0.6437128328880461,0.6586227699732827,0.302335602861329,0.697664397138671,49.65007900051633,50.167267323438374,0.04729170759495342,0.04593331238719282,68.50184348875291,88.21660999095317,75.75813668878737,96.89975369169021,94.90337929845728,118.0673800791973,90.90027234335946,110.96722543910418,32.80780573989486,42.66146385148719,58.712545031457374,72.78363495425764,62.46811169525123,72.08628198206674,65.0209118331466,70.8688931362293,34.149913815392566,39.36432015755294,44.80527622166681,54.93883442693427,44.89883736964578,53.09518754394947,30.232793243126775,42.596377384694556,94.54186675859691,108.20546840577279,74.40368525381366,94.62982739798419,24.803459450142203,22.586347648671936,29.337027492889767,32.985632745593726,-381.84756204478026,216.2554003541488,700.0000000000001,11.242626398392192,309.72818233662645,1600.0,372.56278583783046,216.43430896385135,700.0,-43.27983979261603,335.2320501302685,1600.0
JuPt27_01.txt,JuPt27,Ju,1,101.0929,404.31037978439326,361.418169455295,454.96,443.7844308179211,363.3727915362265,607.75,848.0948106023142,162.69842236450344,-0.8992345580451389,-0.040241447683022534,0.8395791284668972,0.8857475706678535,0.6221936504796756,0.648600534071803,0.2707941845514786,0.7292058154485214,52.229187212949675,52.229187212949675,0.15520874969902584,0.16151776977947568,60.031170012857274,82.69031807041956,69.90248145584017,99.62042953688598,98.99994560379784,132.56729698106764,84.71078132726734,107.61435061135876,34.46288794382356,49.911843551810286,37.201007813272675,47.40115482213486,82.01110869350214,91.21845795935491,56.98257837998219,65.03362744559337,10.4537642171892,11.992166028791464,26.746688754821484,30.046402695466522,63.4251448917021,76.87413621889304,45.55414301256057,51.55516743244234,39.3350034615765,50.28074565004782,91.0116892493324,104.38770383996707,15.591354959944615,14.49323982744988,31.675060824844234,37.33749827246498,-406.91837090002656,257.91357006492694,700.0,-15.488387142104074,285.58454920039964,1600.0,374.6798432106874,227.01703918084945,700.0000000000001,-11.18071954695942,330.07414765053244,1600.0
JuPt28_01.txt,JuPt28,Ju,1,94.4834,433.8008888888889,365.47509155009254,602.8,417.3108296296296,369.1292177298505,542.685,851.1117185185185,120.0745314152492,-0.9466132840745148,0.024035923795299653,0.852930822129586,0.8922155901129641,0.6591534391534392,0.624021164021164,0.2831746031746032,0.7168253968253968,55.24780014267056,55.24780014267056,0.10240120620783649,0.08786282552757521,37.78803809523809,52.58915638789125,15.325840211640212,27.849605879780846,33.30809312169312,48.672356622840425,36.916256084656084,63.0394366566128,54.348252910052906,80.30018820291686,31.339977777777783,62.526071105783004,39.48121164021164,45.365407313062626,55.304822222222214,66.84710032576659,48.095282539682536,50.1767206079979,50.8672126984127,49.75801953516275,53.66068888888889,56.92564956793889,52.65398518518519,54.89139157084567,120.29100634920636,140.93190121591059,132.09657883597882,146.76922004415542,46.82831534391534,63.14520022225778,42.80615661375661,49.49278942598497,-345.2371755727593,197.2017982098709,700.0,43.34724285036238,356.8789128403985,1600.0,351.6095255939474,204.83106797722442,700.0,108.6168461454239,329.86249943656856,1600.0
JuPt29_01.txt,JuPt29,Ju,1,105.8126,343.6766077671738,299.7973086487345,449.02,333.67605593876976,289.47666604351645,410.74,677.3526637059435,137.79190694967107,-0.8912240553187885,0.0010902678033020605,0.8328541212667905,0.8816701634928015,0.6377208730983653,0.6450911839742984,0.2828120570726637,0.7171879429273363,54.43586113563035,54.43586113563035,0.20457808821622817,0.16514148431900694,28.565211187753945,44.86683383429859,18.899482188415384,26.746667782578868,42.96737409052253,62.149480819147435,37.97528867050931,58.51161325152917,34.81596144760464,52.74721149926279,25.911605404894644,39.348704989308715,50.29562127941037,61.67797050188976,74.37535197958991,82.02932102037981,49.30439478408769,53.206113623267505,63.54278937919305,65.87261993353547,44.85240385523954,72.97847369332018,48.14293489558726,81.15889109985706,65.68586128696967,96.38546244363728,43.04420674666919,67.01417959222748,27.18977983558538,49.46345074472112,21.78439667391099,30.3323935652531,-355.7468659148497,223.54395256146455,700.0,3.9452549028520343,333.23171659264955,1600.0,401.91780000967674,216.1236486936212,700.0,-43.98028591690828,349.0564500467289,1600.0
SiCo01_01.txt,SiCo01,Si,0,121.1715,361.4331058668207,309.2531327143606,440.44,350.28800643617456,304.8214069880391,415.69,711.7211123029953,73.47858883520524,-0.9714668746789674,0.009686160539710074,0.8410106974259087,0.8874617969190791,0.6447726710124597,0.6361085898176417,0.2808812608301015,0.7191187391698985,46.54559859372873,46.54559859372873,0.059184611007649573,0.0630908230051521,79.64450202161895,102.52776863069155,69.97909728525455,94.5044292484759,43.93620925818962,62.08517862346663,46.66081277333112,67.03370245590739,31.852937536100338,40.160776146510564,28.949768957834806,39.276959190352564,24.663626536842973,29.27564097100239,36.16420414225596,44.03483156020284,23.87340374618368,28.313104714316726,35.22573232114861,44.85944522891507,40.09445086228237,48.81797197124372,35.70469840745936,46.93645664859772,90.6446381714663,119.18239748726936,74.21527271226999,109.78726175858787,26.72333773413648,40.08023998190465,23.388419836620184,37.229560709597145,-337.03709887116753,218.66545594075046,700.0,-32.479594329276885,360.50035054251805,1429.4117647058824,346.4839121018677,219.11994805157497,700.0,-39.16050669353311,357.81646020161924,1600.0
SiCo03_01.txt,SiCo03,Si,0,121.1715,368.85123029952973,332.48724924829145,437.03,401.15815496328077,361.08434810893834,459.47,770.0093852628105,114.62587820289528,-0.9486851807529602,-0.0036768002202455853,0.867576898216375,0.9066167122577581,0.6172126413070386,0.6163874907170559,0.2336001320240944,0.7663998679759056,57.93441527091767,57.43924932843119,0.03203510206676127,0.03098044602751793,77.94178480072613,110.19766722236227,70.69293093489561,103.60875955908438,46.72689990923344,68.53371243805555,45.78842808812608,63.427749844843056,32.83758230877135,50.43049935456446,33.35946282696592,49.68053466364833,59.22138047693704,72.84677752012082,56.65247792722171,69.74704572689792,18.059841571086725,20.97258065883553,8.010603185081278,11.297082487804474,56.93563330307781,72.52288583060052,84.11060731083423,97.92384455162487,41.6423475534285,56.22828079441118,60.710986880105615,76.48580240013534,35.48576037626867,44.98242158281123,41.832657810050335,52.559525587835296,-359.64100173572007,248.36447278473472,700.0,-9.787745058415393,338.08125702564223,1600.0,357.20483709738835,256.4262436216714,700.0,26.61427734028312,322.69166511567204,1600.0
SiCo04_01.txt,SiCo04,Si,0,121.1715,432.4586054955029,390.0021543599461,532.07,516.5245193497814,463.6801501168755,624.25,948.9831248452842,163.72098209619608,-0.9408964960408865,-0.016046154537044766,0.8762422638523134,0.9096001812047626,0.6121792227081443,0.6130868883571252,0.22526611106526942,0.7747338889347306,56.44891744345824,55.95375150097176,0.03383245613553342,0.0311532357955311,97.49716890832576,122.34878324303035,105.40309101411007,138.93546235445456,89.50790494265203,118.8650878431299,72.24503011799654,91.15068350061485,51.63235167918145,68.00300560416693,62.56373215611849,81.61903284665422,42.77259097285255,59.303219842103424,79.72552025744699,99.35125171690366,18.292621503424378,23.152948723111574,20.990013202409443,25.131313577330435,55.63529334103474,79.63764905248748,65.27791566960971,82.46206399368144,61.414799900981926,88.21841511929202,87.0972085155541,107.78422497242207,15.705874247050087,18.189250845395527,23.22200841653602,30.14757823055365,-377.10289681938497,212.97263367950583,700.0,-34.70813406129332,350.9175510714178,1600.0,373.14925337434556,219.19570364353964,700.0,-9.31776293396897,321.73656681463,1387.6543209876545
SiCo05_01.txt,SiCo05,Si,0,121.1715,619.2717625216602,523.6202397103323,799.92,586.2422996946942,504.46757036797425,671.88,1205.5140622163544,131.85936714074361,-0.9677832582263228,0.012391738036138475,0.8301686814993139,0.8810635517538029,0.6395742222955689,0.6456803366614408,0.28525455895700963,0.7147454410429903,54.468253673512336,54.963419615998816,0.05450198266761831,0.057377482433948655,118.85646588002311,158.6098750618283,129.79709546992325,156.48198109734307,57.84229144318839,81.00631110437055,71.42078801881344,88.45093843663008,52.6328170641142,69.36301052694408,68.13279643534946,81.53733834444475,85.40511098275435,96.16404469004128,76.8363660368017,85.10563768567272,13.456551695684464,18.295235618148553,29.175578017988283,36.12510070883356,112.58676540968727,121.97228641527991,74.23398877795198,79.25114166247106,93.65319580823498,111.56243191015481,96.75765739747504,116.68058061193278,84.83856423797343,101.52979668860671,39.88802954039112,46.24128427137072,-381.5351541772359,241.75601486989748,700.0000000000001,9.003720487694782,341.77937498134906,1600.0,355.55967445777264,228.90583556336952,700.0,-48.19419477313033,336.76588603200383,1600.0
SiCo06_01.txt,SiCo06,Si,0,121.1715,349.4483430976153,307.5144381922877,456.06,346.0014646422972,309.8920781211468,435.82,695.4498077399124,107.8024434828084,-0.9390547425508382,0.008244020486580895,0.8709597430990894,0.9072304472993377,0.6206782737849658,0.6151497648320818,0.23582803861704763,0.7641719613829524,55.95375150097176,55.95375150097176,0.03703391215422509,0.03786216895361245,92.51440217839756,120.52220831020574,75.6407343840251,103.30240403255956,39.57903292350854,56.313405810299116,30.61238551035564,46.29028051170005,45.93842891327667,66.02850834943644,38.13486426272795,56.47909037909207,36.27793464807328,44.75559466056282,43.44495337899167,51.63566727841768,27.78908243254394,32.73657414356363,18.21959980196386,21.18137044227643,43.57512170971202,58.990300786902594,57.64059905932833,70.5367570316114,44.16560359765657,62.29963229205052,47.73869296146547,64.40555238340413,19.608736694446737,25.73922829624997,34.569635283439226,47.099740530408944,-345.5057998881416,230.24424087227885,700.0,-109.03563876765708,367.1792741072098,1600.0,350.101237803643,243.55434275741337,700.0,-42.424782536893744,365.06544149761237,1600.0
SiCo07_01.txt,SiCo07,Si,0,121.1715,373.9028434689331,333.36837911859,482.9,351.69930852380566,317.75449740313604,454.19,725.6021519927388,125.20284039277628,-0.9271591633087211,0.006112417895169103,0.8775678336477843,0.9130355071266798,0.6121792227081443,0.6084660450532222,0.22064526776136645,0.7793547322386335,56.94408338594472,56.94408338594472,0.1876618888694503,0.07572730781662135,16.750769865500455,32.25237902508972,14.359887779519761,28.091068161286863,65.47791979536265,108.96842283569943,63.38622246059906,104.60018079825198,66.17025084577935,105.05176764798999,56.836144071293006,96.46727703177356,38.98010066837198,52.87590526781251,47.26138790329235,62.406722960118366,41.363294826305804,53.44154193633617,48.59587424705009,58.97508913699991,50.881294661275675,72.22555790510096,46.14298044393102,70.92839338571287,59.399101411007514,92.03650852426948,50.324623318755684,80.06735484265059,34.88011139532965,60.621406147387766,24.792188299364636,46.915791243702095,-329.85212603236124,234.3719365626349,700.0,7.363671971931334,341.04793984442784,1600.0,332.6237972187963,241.55136283968605,700.0,-4.007377124545804,311.96233672875513,1600.0
SiCo08_01.txt,SiCo08,Si,0,121.1715,443.4088744945953,379.759538629514,607.86,422.53158428913275,363.2942734529022,574.53,865.9404587837282,165.51645359026156,-0.9016971822439843,0.005952287268861932,0.8462990480689627,0.8922625856536814,0.6309926561597492,0.6346233187556729,0.26561597491542205,0.7343840250845779,58.92474715589062,58.42958121340415,0.032517306869298566,0.029340558125360256,66.37359518112056,94.54541139882892,68.7132123112468,98.5522923081368,68.42327667299283,90.98653200213028,73.3828162389636,101.34526389941936,74.88279726050004,102.8396832113198,48.111280633715644,67.34662347463181,81.3008647578183,96.06441462418327,81.8885419589075,96.22289014778727,38.66473223863355,50.18909663298949,39.685774403828695,54.92146153597784,54.95302830266524,78.55340261946691,57.37985394834557,80.37226590321126,35.600797920620515,50.28130034681603,30.454106774486345,47.21908401726093,23.20978216024424,30.57749294352284,22.915998019638582,30.06468529819838,-364.6526247439493,246.71297571460022,700.0,-69.81127084026738,308.84168005861346,1439.2156862745098,384.5770810054019,254.65384253051172,700.0000000000001,-71.37190818613972,317.71883685423427,1600.0
SiCo09_01.txt,SiCo09,Si,0,121.1715,473.0053098440465,421.81734707723064,553.52,472.05578265533455,425.5107889964152,564.96,945.0610924993811,147.7869806189302,-0.9391954600384398,0.006363422073534404,0.8750646157080528,0.9116505139493124,0.6145721594190939,0.609951316115191,0.224523475534285,0.775476524465715,54.963419615998816,54.468253673512336,0.02951375522851373,0.027356343297212777,111.34356300024756,142.98160858236463,100.06646175427015,135.93018248556967,75.35711609868801,101.28713487069008,65.89771515801633,93.88505790890629,47.38315125010314,63.94843668223101,37.41812608301015,53.04429008369316,106.3514563907913,117.90388408508684,103.10085155540887,114.16560290165845,12.03764336991501,14.62980674595868,18.102038947107847,21.742938278676004,51.02436092086807,64.9590906709691,51.36263883158677,61.05312138832497,36.79333443353412,51.07930366132886,52.49644030035481,79.65924965574946,32.71468437989933,48.020469672806996,43.61151002557967,53.2244152709662,-377.105622964113,257.31037880791615,700.0,-79.59403123643172,321.82316272310345,1440.0,361.7967683096859,251.9632852974025,700.0,-40.97366020309257,324.815642437761,1600.0
SiCo10_01.txt,SiCo10,Si,0,121.1715,370.9386434524301,339.386364720101,453.42,370.64670187309173,341.9793086757534,441.1,741.585345325522,150.04464300118065,-0.9030412390058729,0.007143392622600067,0.8741615428847773,0.9119197543925431,0.6082184998762274,0.6054129878702863,0.21363148774651375,0.7863685122534863,60.90541092583652,60.90541092583652,0.04053649695390664,0.03795716817154191,103.67791814506148,142.0865536266296,92.8748362076079,131.13427446799219,58.209787111147776,89.08739609175181,57.88839178150012,88.6673778584403,23.37186401518277,35.50928230680038,16.987897516296723,25.86051442782123,40.47667794372473,47.69270363953367,68.58669279643534,80.19699636435347,22.117887614489643,26.688098290977717,8.59004785873422,10.013078153154675,45.90748659130291,52.15470029731449,57.626648238303495,68.26057135277291,64.56646918062546,85.6622688761145,40.459232609951314,58.94867258270185,12.610552850895287,18.274045029785583,27.63295486426273,40.15669354144741,-356.29624503982564,227.62097531942666,700.0,-49.06287178981793,347.2083163918424,1600.0,372.2802973019886,258.5068660253102,700.0,-17.292207159936183,343.32602171220884,1600.0
SiCo11_01.txt,SiCo11,Si,0,121.1715,552.5434243749484,480.89963080252636,765.27,515.3437098770526,453.553617451064,715.0,1067.887134252001,227.2850575516002,-0.8832932611317413,0.0095861868375072,0.8591073426338183,0.9031343487852102,0.6174601864840333,0.613664493770113,0.23112468025414637,0.7688753197458537,66.35223629318776,66.84740223567424,0.08321192927012143,0.07521177018212437,85.34718376103639,131.40500833942,65.3348353824573,114.44737396980942,63.86491624721512,93.37709391087675,60.39395742222955,92.16023382039577,59.7188720191435,83.09076330467417,71.95856176252167,106.05535229754155,48.135678686360265,56.01816208492226,53.479587424704995,62.91856740904938,5.883425200099018,6.987675708670989,17.976980773991254,18.09601792504372,92.78837197788594,105.5021494005888,68.39882416040928,73.86437532421719,105.45550870533873,131.42272685181206,118.22001980361415,144.8667265698074,91.34946777786946,121.88117770317258,59.58094314712436,82.00049436892984,-356.9931723019593,235.29763899874425,700.0,46.05147632086669,345.61398558140434,1600.0,335.34536253640385,228.4875299683002,700.0000000000001,42.2192539425398,333.6077268540169,1600.0
SiCo12_01.txt,SiCo12,Si,0,121.1715,430.2570806172127,374.1212048084286,580.69,389.6813037379321,361.3043254874511,429.77,819.9383843551448,168.16636983345617,-0.8960001451479683,0.022634433694222345,0.8709432625947001,0.9037888358096348,0.6094562257612014,0.5946035151415133,0.20405974090271475,0.7959402590972853,64.86673846572832,65.3619044082148,0.031096519973838513,0.07230074504538518,87.54476029375361,127.74330453727649,79.17724482218004,121.50961306670953,30.537539400940677,47.547721816683016,40.7152306295899,64.58645255747605,47.94893555573893,70.70900898309415,55.44521000082515,85.00753210607452,42.61393101741068,50.500056132043824,39.234873339384436,50.63068191390442,4.78143741232775,6.229816750698149,8.276285997194488,10.801428044646444,66.93505899826718,70.06947627885698,52.24360095717468,54.76739316940037,65.86713590230217,84.58778895194891,59.47426520339963,70.91595761506521,84.02828203647165,104.16438510983497,55.11459278818384,68.14314377372871,-409.65092055084,198.24602218467385,700.0000000000001,34.7975975208214,412.4025975565572,1431.8840579710145,393.76506827912505,191.0578877181065,643.4426229508197,83.15839819174563,411.67455232778076,1600.0
SiCo13_01.txt,SiCo13,Si,0,121.1715,465.8616907335589,406.12354246825436,608.08,448.5169263140523,400.2853882730093,561.11,914.3786170476112,133.9995736864462,-0.9448781520051088,0.01069629437726017,0.8673631487936116,0.9034326043642116,0.6309101411007508,0.6173776714250351,0.24828781252578597,0.7517121874742141,56.44891744345824,56.94408338594472,0.037209478217778466,0.037135621843770325,52.39281211321066,85.12632968462214,66.60773661193167,102.68893543303132,102.00354732238634,148.76707553919843,74.09296476606981,102.58737527929516,69.8198927304233,100.23144497849539,98.03508787853784,130.88339684842325,58.13964270979454,80.44403805010143,67.15372472976318,92.69981507042364,46.547236570674144,73.1889393189275,34.92374288307616,54.732586796463075,49.00691063619111,73.25196907721164,39.29221965508706,69.17993679525566,71.20893885634129,119.06195498399319,52.53602359930688,92.90368655219129,16.742709794537504,29.71913861083143,15.875426190279724,26.698760755408756,-365.6489190799072,224.00568643234485,700.0000000000001,-40.1060725217688,350.763764420509,1430.2803738317757,391.9731954583883,206.99971856354193,700.0,-20.99599849339909,406.2536747274182,1600.0
SiCo14_01.txt,SiCo14,Si,0,121.1715,467.14648238303494,403.1030164214461,522.83,423.987643369915,372.30416833702884,480.7,891.1341257529498,110.30589973181795,-0.9626230952788443,0.017300500604702097,0.8427082244300916,0.885310404026808,0.640811948180543,0.6275270236818219,0.2683389718623649,0.7316610281376351,52.48758990356644,51.99242396107996,0.03780850814533778,0.04282680260816266,111.21555491377177,133.63074571766694,95.2856415545837,122.52280664693225,60.44264460764089,76.47653079400042,57.56273042330225,77.0317784997363,51.879381962208114,66.17750084452524,42.15651291360673,58.09230273199408,38.450042082680085,48.37373573926185,45.7673974750392,56.30765517596016,8.274552355804934,10.408051601635137,9.199309348956184,11.697543147855994,74.04785378331545,80.3468917074776,77.50883736281872,89.7560071499386,92.7702458948758,103.84872651029788,66.87345573067084,79.90167794576588,30.066206782737847,27.908011166657985,29.633758560937373,31.594931418959003,-394.24192665768317,190.01516979564508,700.0000000000001,32.559024544425604,364.6694752731935,1600.0,398.271047906095,203.51763347191735,700.0,43.50017506001154,365.22337392346753,1600.0
SiCo15_01.txt,SiCo15,Si,0,121.1715,468.43941579338224,421.3856353808361,532.62,447.21374535852794,393.81336261858024,568.59,915.6531611519102,164.82541484099497,-0.920435017314306,-0.008049976425944256,0.8624886278696141,0.8956303614601244,0.6427097945375031,0.6429573397144979,0.28566713425200096,0.714332865747999,58.42958121340415,58.42958121340415,0.039927966503386154,0.04157989988806165,56.43987540226092,79.46824237482166,58.190471986137474,90.92811836404184,55.24862777456886,82.40636517483637,62.605430316032674,95.27535055214685,67.5888959485106,101.94317408701221,57.5445135737272,89.93382029149406,76.51771185741399,98.55067906844197,89.09568858816733,108.36456622236425,76.3376854525951,88.1088959194341,53.70953544021783,60.987233378592386,57.50801633798167,93.95798307816587,60.54044558131859,97.8675591400112,50.50849822592623,68.92183900845167,35.80252661110653,50.246660689124916,28.29010479412493,28.349140957875633,29.725133261820282,28.828185329211117,-343.8043375982763,226.04279056393426,700.0,-32.41599219611752,325.3875329649883,1600.0,395.31471970657196,227.13045850077208,700.0,-1.694502030279364,365.01119162167146,1600.0
SiCo16_01.txt,SiCo16,Si,0,121.1715,535.9431454740491,470.26634615473785,606.1,552.4568512253486,467.8296019659865,675.29,1088.3999966993974,117.54836451702381,-0.9686104621103944,-0.01685158163776256,0.8328247217034509,0.8783225203652507,0.6380064361746018,0.6527766317352917,0.29078306790989356,0.7092169320901064,48.52626236367463,48.52626236367463,0.030272417253904366,0.027759095594970085,113.19818714415382,132.3466646572583,107.80886789339054,135.1535594296092,48.17095965013615,61.971967711536415,47.437284429408365,64.37176351816095,52.10656159749155,69.58585350264951,38.934753692548895,53.41841208749701,62.75154633220563,75.36465814833332,46.37802046373464,55.92309501674078,13.941499298621999,17.904702424589203,8.367079792062052,9.478152561776426,111.37780014852711,114.36006745393104,126.32879610528923,124.21972012295777,100.62432213879032,106.33053894019976,117.0278826635861,125.65672019979544,33.772269164122456,31.013943296817615,60.17416618532882,54.24523876756697,-390.5039479658827,212.9301470879785,700.0,31.3641807889222,331.8724642019902,1600.0,394.58525878739414,213.86398036408727,700.0,65.30040437862623,357.87954760241894,1600.0
SiCo17_01.txt,SiCo17,Si,0,121.1715,414.78413152900407,350.68801826848676,596.75,418.15700800396075,359.4460956529243,595.87,832.9411395329647,162.47284103752574,-0.8955969770728676,0.0058275929993320845,0.8389610694563535,0.8870104360017205,0.6465880023104217,0.6384190114695932,0.28500701378001486,0.7149929862199852,53.97308773102586,53.97308773102586,0.04592060386001254,0.0420108631070979,29.227178810132852,50.91079893913927,23.403142173446657,44.46441287635335,53.54155375856094,76.27161034294386,50.50543939268917,76.4604071165378,59.63554831256704,87.88635634479682,52.37894298209424,84.25930643631465,60.9988711939929,68.66768014651564,78.94112468025415,84.5030758509253,71.22534945127485,80.39755246105108,65.8709480980279,69.3440948441928,51.335036719201256,73.8905951423847,68.22472481227824,88.47217068004184,73.57710207112797,99.78462534142217,59.002896278570844,77.9562501182412,15.243491212146216,23.44242568483849,19.829789586599553,23.256945045715508,-349.41012147326035,215.3005748520864,700.0,6.53399821419968,307.9705025590953,1600.0,366.75304952581905,226.7215120820767,700.0,12.571587327539932,295.00938370628876,1600.0
SiCo18_01.txt,SiCo18,Si,0,121.1715,307.1695403911214,274.0727720180811,373.45,291.98385840415875,265.64200247407643,336.93,599.1533987952802,200.00775546042993,-0.7257613299618882,0.004818134776788886,0.8394523548861617,0.8853917265769229,0.6382539813515966,0.6299199603927716,0.26817394174436837,0.7318260582556316,54.468253673512336,54.963419615998816,0.06628086450577203,0.12397916792221378,19.397722584371646,42.920882547295975,26.895594521000085,54.754134128993556,45.14603680171632,69.04177801213876,56.57234920372969,84.84720282901549,47.75916082184999,77.81204355975106,41.49717550953049,66.09782440424429,28.323488736694447,44.20724827529928,31.556884231372226,49.359194001793526,17.7313755260335,22.623946451270417,23.120658470170806,34.34352091096964,41.74244492119812,70.8102052978666,34.89237395824738,64.02773856425341,74.71824655499628,110.40695905135469,50.73032263388068,90.86324743637691,32.351064444261084,63.1811946009749,26.718499876227412,54.65494099053093,-351.6198444583356,216.1737269472465,700.0,38.66065687449051,358.48350182638677,1600.0,380.1092357363685,224.37209600186725,700.0000000000001,-10.60566895786019,388.36107630576305,1600.0
SiCo19_01.txt,SiCo19,Si,0,121.1715,487.50517781995217,434.3877428486626,592.46,484.37017328162386,419.29933900115896,651.86,971.8753511015761,140.638868801729,-0.9463275688812824,-0.011001690818081358,0.8590702855261487,0.8997216871342203,0.6219159996699397,0.6279395989768133,0.24985559864675302,0.750144401353247,50.50692613362053,50.50692613362053,0.050146683719363615,0.05796840114366431,56.727169733476366,90.67265211316243,58.18925571416784,98.6324011220056,94.95879115438566,132.88853161703668,85.51349533789916,127.00288131791676,69.18048766399869,101.83867527734361,67.68440052809638,101.83885992371435,77.37640894463239,96.04948022426018,83.26234837857908,101.14006266507093,48.170396897433776,59.09399038225353,45.074567208515546,56.49506242377246,38.56022361580988,53.188949378537025,46.830600709629515,68.49704371293144,87.3107913194158,125.8849535119754,79.30688670682399,118.96189097390567,15.220908490799571,18.99774018658985,18.50861869791237,30.878349510787583,-372.90552785187583,212.31766397319913,700.0000000000001,-31.490222460601334,330.98768354166566,1389.7810218978104,369.6192370243655,220.55158272481086,700.0,-26.09349417183084,346.3269582733256,1445.9396751740142
SiCo20_01.txt,SiCo20,Si,0,121.1715,605.3164939351432,535.4686841661498,736.45,591.6322633880684,531.5227071042599,726.99,1196.9487573232113,218.37583650821966,-0.916250650585273,0.005574301102528931,0.8576180195203646,0.8969331168161486,0.6346233187556729,0.629094809802789,0.26371812855846194,0.7362818714415381,52.98275584605291,52.98275584605291,0.04309166037990967,0.08182654691472127,61.29978958659956,96.31802098275165,58.07275682812113,98.26304798720365,103.78947025332124,142.73042852778443,97.02200594108425,143.08132736734973,75.47606568198695,110.9329943591144,67.85171961382952,104.6375875383647,84.93779932337651,95.0905387997278,87.05633633138048,101.71665452236816,60.08011387078142,64.1906225289084,33.93239953791567,35.84094900940814,80.46367934648075,88.37286761580712,84.5965079627032,90.44542811499436,102.5874032510933,115.66025010460716,109.71551943229639,124.52395407889449,36.682172621503426,37.867100339006726,53.38501774073769,58.00969461885105,-375.07521731140895,225.7445887098287,700.0000000000001,-0.470886004379182,311.32491973574815,1379.183135704875,366.63558778413056,229.7127573204988,700.0,32.402886388881214,328.7233314878822,1440.1244167962677
SiCo21_01.txt,SiCo21,Si,0,121.1715,599.8101856588827,535.2460463425341,778.47,594.1159089033749,538.6474592497532,786.83,1193.9260945622575,260.4203563575966,-0.8824053176967883,0.005604948013567698,0.8668464996968019,0.9035722854192139,0.6343757735786781,0.6193580328409934,0.2537338064196716,0.7462661935803284,56.44891744345824,61.89574281080947,0.021628303327377224,0.22708412384266846,55.474545754600214,82.41065315320333,68.09731578513079,103.11888180661593,73.84501774073769,115.7468782587677,88.42891740242592,135.2473185111953,99.72187556729104,147.11707029246784,112.86914019308523,158.1032952541326,82.1658156613582,90.97340609955154,59.981922600874675,69.64021386877725,19.77189867150755,25.12118894917097,7.261080122122287,9.614573525367245,103.88728030365542,107.9442912812567,104.65666309101412,115.68074395541096,118.8911840910966,138.9771910567401,92.95894958329893,121.92748488651252,46.05256786863603,54.79309773210295,59.86192012542289,82.82450749299453,-356.9076544694484,234.32072158467463,700.0,35.82474352632521,329.5035178286329,1600.0,368.42298306468115,227.11278398419364,700.0,45.491955185434364,371.3624393047153,1600.0
SiCo22_01.txt,SiCo22,Si,0,121.1715,517.2545185246308,451.54336726205685,709.72,509.1536933740407,443.59236525659884,693.88,1026.4082118986717,210.64585755050908,-0.8893954179603197,-0.0009611286029745505,0.860507586531,0.8984567446365505,0.6225761201419259,0.6295073850977804,0.25208350523970624,0.7479164947602938,59.4199130983771,59.4199130983771,0.035588654049257144,0.03225930990538569,51.643488736694444,95.62836322718644,61.82135242181698,109.51568300637578,104.69804356795116,162.98370418611285,90.87476772010892,138.1466636036999,85.71576862777457,131.07498976216445,98.24812608301015,144.75355694073946,76.12198778777127,99.34371059503223,71.08233765162142,97.37569222549986,37.275695189372065,51.649032558521455,77.45518524630744,99.67575205409817,59.0166564898094,90.63052608064791,35.30301097450285,58.453408475683254,81.78284429408367,137.5827247959526,58.63039029622906,99.74549972559677,21.00003383117419,36.99376849049251,15.738522980443932,22.073647441216742,-388.02070437072433,226.53608279934937,700.0000000000001,-17.961043118117352,345.27987191029297,1600.0,369.29993988137056,207.21363030435816,700.0000000000001,-58.76194848089566,329.94533247044575,1600.0
SiCo23_01.txt,SiCo23,Si,0,121.1715,443.57723739582474,382.70619294447664,584.21,435.3627180460434,381.46653505134435,515.24,878.9399554418682,106.06029674305329,-0.9614792787287991,0.008532142071056539,0.8512092866372952,0.8939463493351555,0.6289297796847925,0.6231537255549138,0.25208350523970624,0.7479164947602938,52.98275584605291,53.47792178853938,0.0172943263202894,0.016912741632545414,82.96015925406387,119.5558963610688,66.74750804521825,102.60445819577674,59.78740077564156,83.94594164490871,48.16383447479165,68.3375079723206,45.14413070385345,64.78473622246642,57.56614324614243,83.0033601231098,47.971327667299285,61.31447689748696,50.491779024672,61.194450565002136,15.174472316197706,18.899442722186645,11.750103968974338,16.09007672899857,81.97031355722419,103.6453425907944,74.40125340374618,93.89100049769603,76.09798910801221,98.09154803464232,71.98663586104465,89.53599382478868,34.47144401353246,47.27763626644528,54.25546002145391,70.76269603689013,-386.0865604389107,221.4754589862399,700.0,28.317877567015895,355.26808143936813,1600.0,390.01465973588466,198.820136750383,700.0,82.0393478949718,383.08082769231027,1600.0
SiCo24_01.txt,SiCo24,Si,0,121.1715,466.2658379404241,408.1966228244582,581.68,483.981320240944,414.32946489524005,591.69,950.2471581813681,104.13059064870373,-0.9680550373295778,-0.011656377300055915,0.8463663581420349,0.8933567747655685,0.6234837857909068,0.6394091921775724,0.26289297796847927,0.7371070220315208,50.50692613362053,51.00209207610701,0.06384915490948827,0.06246385969420083,87.62495255384106,111.55877712010393,84.75858074098522,112.52158470161807,80.23947685452595,102.02770775062788,49.40177242346728,63.8162483087782,51.68694776796765,66.26615658942539,69.04634375773578,89.0427506972242,51.42918887697005,61.92658478703082,74.66037379321726,84.95568716376599,14.519201254228895,18.244104048289337,23.86525290865583,27.768302070012478,74.00181698159915,85.61752143610533,68.81144896443601,80.90742310609781,75.60596171301263,99.99588571260976,65.91509695519433,83.10033574359471,31.158291938278733,38.31386655159078,47.52245069725225,64.18873081143575,-360.3499463630914,236.94072067174224,700.0,-18.153924197762493,323.9423584284202,1419.166666666667,381.1497691283921,229.63609860397,700.0000000000001,4.994556043089034,350.4215570362908,1600.0
SiCo25_01.txt,SiCo25,Si,0,121.1715,477.5942132189125,418.9887862617285,597.85,454.41865913029125,396.7209371272677,578.05,932.0128723492037,139.57737269884328,-0.9428895428423537,0.0033766672166978245,0.853024212521944,0.8968152930412467,0.6196055780179883,0.6190279726050004,0.2386335506229887,0.7613664493770113,52.48758990356644,52.48758990356644,0.03840181863778183,0.03855859896131803,94.51098522980443,127.77716039513146,91.14423549797839,125.87817480941094,71.63211981186566,94.6250084817485,71.85544186814094,95.56248494323587,64.87063701625547,88.82569641967996,56.597219242511756,74.82446223979882,37.25614407129301,51.800000288255085,52.7606345408037,66.71600745769344,10.492206452677614,14.465315576654167,11.18913029127816,15.171648381097526,84.81633550622988,101.15327240010866,69.96217839755755,89.89677712600475,87.76668454492946,106.10020401816473,80.97112798085651,108.36450459963154,26.249100585856915,30.943175619757156,19.938691311164288,24.78199384864209,-375.9613775785969,222.6026277742535,700.0,-0.24575798185932807,329.0083708974399,1383.4862385321103,399.83915502845974,212.67253968384196,700.0000000000001,-17.792452054508598,338.6486226152845,1348.7248322147652
SiCo26_01.txt,SiCo26,Si,0,121.1715,452.5984173611684,388.85717961143706,549.12,444.3895436917237,386.2290725463383,542.3,896.9879610528923,92.41081272386887,-0.9715927559947956,0.006045159266713836,0.8387184679560387,0.8879595728501141,0.6408944632395412,0.6289297796847925,0.2698242429243337,0.7301757570756663,49.0214283061611,49.51659424864758,0.030908856414375924,0.027352028713645525,102.65952636356135,123.39776013858001,93.46059823417774,119.26550575012757,87.77530736859478,108.12298591752939,84.24370740160079,106.26568026192045,38.22534037461837,47.261644880416725,39.696521165112635,50.37948670092384,48.099508210248366,57.71546527032128,61.30809472728773,69.89930613905702,15.613246967571582,21.301141804128005,9.926358610446407,12.88263188654559,66.8724300684875,79.52372208052303,78.59002145391534,98.14354636118667,67.90994636521164,89.96944276747074,47.45031850812774,65.50471761032102,25.443111642874825,29.88698296226432,29.71392359105537,38.83372876895723,-375.7704045208101,229.9133738123091,700.0,-35.76569979345257,347.0734995874908,1600.0,381.63033595391425,252.87202335302695,700.0,-40.62632978060395,344.4237236886273,1485.7142857142858
SiCo27_01.txt,SiCo27,Si,0,121.1715,492.4178273784966,439.99015951876373,518.98,513.5883208185494,440.46793987136004,614.9,1006.006148197046,87.11232271522861,-0.9804224266074968,-0.020835692306134048,0.8427420800935977,0.889849909147761,0.628187144153808,0.6291773248617872,0.25736446901559534,0.7426355309844046,57.43924932843119,56.94408338594472,0.025533658256308683,0.0246408347886339,133.22565723244492,154.26009274900068,138.95757488241605,159.3455627997771,59.43342024919548,72.45224193831979,47.24515884148857,57.78954144902539,38.99495915504579,47.70664340596961,57.07554996286822,69.07930711281436,37.812234507797676,47.707274975196405,30.79016090436505,36.54606392866129,7.490111395329648,10.632795733334921,2.9078702863272543,3.438162735334666,106.63551943229638,118.53172590215014,138.89629837445332,158.17373590179736,59.359227659047775,74.27666424438065,31.921584289132767,40.93794980416059,49.46669774733889,53.86396889631443,65.79412327749814,80.70917060619924,-377.1529227220927,248.83927855773752,700.0,-38.148855628963545,356.93398713681376,1600.0,403.5723350422208,245.28320262540456,700.0,-16.590827285147434,373.2694872025848,1600.0
SiCo28_01.txt,SiCo28,Si,0,121.1715,475.132306295899,395.13457862330534,613.47,463.77588414885713,385.3997940981637,582.12,938.9081904447561,133.89204858454403,-0.9414507673369328,0.0031714298975523787,0.8124058159412004,0.8715574777989481,0.6431223698324944,0.6504662100833402,0.29358857991583465,0.7064114200841654,50.50692613362053,50.50692613362053,0.03441758690368588,0.0343394478467888,100.54943064609292,114.4708504092688,80.22292103308854,96.1317292290514,73.85429408367027,82.96733973392554,68.41103226338807,77.15160197462072,72.78736034326265,81.79548462555204,77.40722419341529,88.53479771995099,38.78299199603927,42.24720045781535,55.5080476937041,60.02204473384389,18.302587672250187,20.67218698556394,21.592666886706823,22.73471052732951,56.50645267761366,57.80828006947783,61.51516049178975,66.78968379050231,91.77754105124185,99.413264319426,66.94906427923095,69.83290014929733,22.571647825728196,21.433630465378233,32.169767307533625,33.35146536157723,-362.3047371189978,208.99905984546896,700.0,-29.779194824435585,311.53274511845285,1600.0,368.03911306994735,222.94551420615838,700.0,-24.713042169301357,303.97684612035357,1600.0
SiCo29_01.txt,SiCo29,Si,0,121.1715,489.5785403086063,434.3037658352784,616.44,510.19281623896364,456.3205167211496,660.44,999.77135654757,170.44014546940184,-0.9279320362259615,-0.0015788416767476782,0.8604284991158901,0.9045330929664555,0.6157273702450697,0.6116016172951564,0.2273289875402261,0.7726710124597739,56.94408338594472,56.44891744345824,0.04062078186737107,0.04069090566639742,99.59539235910555,133.23268558083095,102.8845729845697,148.18897354849645,88.72259262315373,119.77551838612673,66.8173892235333,92.32731346546228,42.21305140688176,60.98057143396969,60.82146794289958,87.27152355833032,90.7326454327915,101.78337431519127,77.29850400198036,86.86590888487103,18.6281219572572,24.99967593627039,19.772125587919795,24.241154642152583,76.68232609951318,90.87699756921943,76.55550705503754,90.88162412557092,54.92397392524135,77.8772800770037,74.10799570921692,101.93481777979316,18.0804365046621,22.519181365002034,31.935253733806423,44.58268519939825,-400.0882016997415,240.00753275070232,700.0,-47.137516283619945,319.5825823536103,1600.0,383.0612228096507,236.71133910295717,700.0000000000001,-10.012921372230792,327.2810238050183,1600.0
SiCo30_01.txt,SiCo30,Si,0,121.1715,512.1953263470583,454.75260249733503,679.14,487.745745523558,439.1449549757875,639.98,999.9410718706164,188.45688176256212,-0.9116875577963962,0.006184856386029058,0.8708518054121929,0.9093729904488806,0.6091261655252084,0.605330472811288,0.21445663833649642,0.7855433616635036,56.44891744345824,55.95375150097176,0.037297901556398866,0.03432943835456071,101.06477597161482,143.8557641247558,81.32956514563908,130.1816743940279,65.52104299034573,92.0033917172831,67.95036471656077,103.4149482952097,62.64371565310669,90.39009018688067,46.88280056110239,72.38475963470684,44.2140275600297,54.68391522059319,62.37812360755838,76.27831310458389,12.712628929779683,15.926632854505359,13.390718706163874,17.431080548639695,79.67558049344005,97.07548620050981,73.92319498308441,95.04821384991897,112.40962538163215,140.4933674480663,103.88403086063205,139.7727573966848,33.953929367109495,45.61176299340891,38.006946942817066,50.39172985581019,-355.39867853789485,211.07291576011454,700.0,25.83914065225143,346.252989201917,1600.0,374.75334499515316,226.5991419924298,700.0000000000001,12.282310034277707,358.861125489948,1600.0
SiPt02_01.txt,SiPt02,Si,1,121.1715,472.8574511098275,402.6710602675078,598.73,480.9882473801469,415.655343903677,545.49,953.8456984899744,97.42209691574699,-0.9721505022055162,0.0027462938034182394,0.8358981937094574,0.8802449462770446,0.6574799900981929,0.6559947190362241,0.31347470913441705,0.686525290865583,53.97308773102586,53.47792178853938,0.04392793046328674,0.03855543602234606,21.167053387243172,36.38755009279449,15.633015925406383,32.949248973642035,79.91225431141183,108.26256874685261,58.7828418186319,81.93060933837418,31.70255549137718,52.64557840801433,37.68682234507798,56.962073532465055,76.26374700882911,84.47685414336831,35.925206700222795,42.906419827563234,30.99769865500454,33.782985280408035,27.435864345243004,30.55756008610295,109.7263841901147,113.07040823303235,101.77106691971285,105.02292529028988,79.50473058833236,83.85102845597342,116.13086393266772,119.26260380540764,43.58302747751464,52.2165573050222,87.62256539318426,95.47220574320512,-396.29887221309167,244.51117008083028,700.0,29.7388896986782,347.8196760763223,1600.0,364.1136616810507,225.60134969876853,606.0109289617486,97.39727739950861,372.7803458988779,1600.0
SiPt04_01.txt,SiPt04,Si,1,121.1715,363.90185658882746,330.84775920383345,486.09,405.51043898011386,358.3956981666823,587.29,769.4122955689414,174.62330456494362,-0.8746170921634673,-0.01254493996284999,0.8826314422373448,0.9190928950563265,0.5913854278405809,0.6027725059823418,0.19415793382292268,0.8058420661770773,51.497258018593485,51.00209207610701,0.04966282748277241,0.07235562546234517,19.070772340952225,33.04243849969331,26.432630580080865,45.85777167377944,52.45376186153973,83.84461667842704,61.65624804026736,99.04062255295919,54.7680641967159,84.09367396995252,52.771081772423464,83.29059322301667,60.21629094809803,72.43301346022268,51.82964188464394,63.47222289709717,62.39533294826306,78.76002565951364,68.69296229061804,81.393303565913,29.430169155870946,44.4402945970512,44.50729433121545,64.30938850577002,60.51876144896443,97.54509272394702,68.41366449377011,98.72341564323534,25.048703688423135,41.48828004089975,31.206915587094645,47.17921567551891,-322.9535670936309,231.58185645374954,700.0,-22.497190491952995,285.57682613938897,1600.0,322.63721824400363,235.71777442965995,700.0,-3.1656759453862127,302.4484412511052,1600.0
SiPt05_01.txt,SiPt05,Si,1,121.1715,485.4476904034986,382.4376589396414,620.84,445.0538551035564,397.0231943847896,445.17,930.501545507055,210.59580268577642,-0.8546534624768921,0.06746695915680778,0.8078507577091371,0.8586461661937138,0.6724977308358775,0.65904777621916,0.33154550705503755,0.6684544929449625,47.0407645362152,51.497258018593485,0.943754068409936,0.590467822310651,39.08666061556234,63.706372433874165,9.76713590230217,17.937648219764167,55.03452760128723,81.43201970332268,34.17433781665154,60.385906406660176,83.72654674478092,114.23038622540192,44.04403993728855,79.12493129364579,79.2928178892648,90.83267529429953,76.12954864262728,85.68604172712651,88.08644607640896,104.60393852834886,83.39539400940671,90.95680063808585,47.92984734714085,67.8587291549128,59.39776714250351,77.29708284525198,69.64877052562092,95.87133108620816,95.97595758725969,118.9808173370305,22.642073603432628,29.282194911849498,42.16967406551696,51.91154464152725,-350.2064170790508,211.71039614767804,700.0,-44.00132560655936,294.4591750311829,1600.0,344.1851235160902,212.90872668220564,700.0,85.84520463137497,309.447645730862,1600.0
SiPt07_01.txt,SiPt07,Si,1,121.1715,499.88338641802125,439.64187031421284,590.37,430.0065467447809,394.18955450874233,493.79,929.8899331628023,103.21887272599972,-0.975221834924021,0.03089701386907607,0.8716980879789996,0.9096797564916422,0.6240613912038947,0.5974090271474544,0.22147041835134912,0.7785295816486508,51.00209207610701,50.50692613362053,0.07932470089561738,0.0770852099012432,40.53740077564156,63.88265695633424,35.82213218912452,57.698845830522956,40.89911461341695,60.726774097467306,31.935516956844626,47.28702463395493,50.011369749979366,68.94066563960465,52.65580823500289,75.77240470383481,64.32011057017905,72.06109394651435,65.00424539978546,72.10312124667132,15.245379156696098,17.214753626575558,22.479202079379487,24.840189408184543,87.88849327502268,96.06416328614735,70.15400445581318,77.1534758965618,92.73583629012296,102.4394210067313,86.69216271969636,91.97305281393982,108.24568198696261,120.3916592875942,65.26347470913441,78.25848443672965,-369.60367800188624,240.34832831597114,700.0000000000001,92.94489165687598,321.47336694949587,1600.0,330.50464210715415,241.20833376375376,700.0000000000001,78.56515976747347,298.52534753462703,1600.0
SiPt08_01.txt,SiPt08,Si,1,121.1715,513.7997343015101,452.0112010552663,620.73,470.32226833897187,410.65117596476324,604.45,984.1220026404819,214.7341778148815,-0.8803998192847732,-0.0037229724519531773,0.8379439112582471,0.8844863885997764,0.6407294331215447,0.6163049756580576,0.25703440877960226,0.7429655912203977,52.48758990356644,50.50692613362053,0.34029692066447176,0.33095616183970267,15.038440465384934,33.17276129918377,20.038688835712517,41.46541632622285,41.536922188299364,73.18396905714717,56.68200429078306,92.81992215819068,38.997927221717966,76.31959842464647,60.53407376846274,101.41827224645337,120.32784635696014,134.4479691879468,83.00133096790164,94.3060269369322,80.40132271639574,92.9748075828136,60.93697747338889,73.47648147385961,80.32516956844624,99.47500632027237,68.94156283521743,95.54494880024279,97.41202987045136,129.47600892816564,73.89018318343098,108.62372450310866,39.76007591385428,52.68634473268547,46.2974469840746,65.8065719725564,-390.22440255325864,213.71519500044184,700.0000000000001,90.23098964580515,283.6679881929256,1600.0,372.64240499258216,225.42127786784872,700.0000000000001,32.996003572669096,320.03559802271,1600.0
SiPt09_01.txt,SiPt09,Si,1,121.1715,509.7506015347801,458.3086411743798,632.06,508.4069659212806,451.4144102093189,666.05,1018.1575674560607,226.9163415771679,-0.875672554136206,-0.011283257354510927,0.8733581958840432,0.9082721866014895,0.6146546744780923,0.616139945540061,0.23079462001815332,0.7692053799818467,52.48758990356644,52.48758990356644,0.0472911558899996,0.052051892101068434,45.55637428830761,71.49814587659777,41.726188629424875,70.2266855007404,71.26933492862447,101.8534462132088,77.20648485848669,104.17938850611775,96.31036884231371,130.87428983973695,88.75765574717384,123.16190364283962,72.4810050334186,82.08129293492333,58.415745523558044,69.29637434232353,68.52556151497649,87.68217172736875,75.95000330060236,91.40954972542542,50.13803449129467,68.23547838154319,47.9753123194983,74.14645448879928,70.16580410924993,109.32743416358063,68.56218582391286,99.49678398953016,35.304118326594605,58.131432821247145,49.81338971862365,66.29653791385972,-350.64700748850606,216.72626987608874,700.0,-31.970054608424427,327.9402348198499,1600.0,330.15640467734704,220.95947976778146,700.0,-10.820774353071606,302.5048730120221,1600.0
SiPt10_01.txt,SiPt10,Si,1,121.1715,333.8473405396485,288.21878679157555,421.85,325.0937041009984,273.58813792509324,434.39,658.9410446406469,96.01494695650544,-0.9429014329878479,-0.009328110764265627,0.8328737228023751,0.8849081955340863,0.6327254723987128,0.6403168578265533,0.2730423302252661,0.7269576697747339,49.0214283061611,49.0214283061611,0.07839712333739543,0.08013654367684538,25.452033996204314,41.761131634007675,23.647939598976812,37.59918896462054,29.841595841241027,43.51922300337438,43.28741892895453,57.0274222839867,50.926124267678844,68.17783531658866,56.50720604010232,73.2445431666287,31.282215529334103,38.85403121487429,27.997709381962206,35.87564096370521,11.881470418351347,13.860561942942113,24.273448304315536,29.162269021222567,55.421810380394426,60.90895622418093,46.278540308606324,56.35134040932586,79.62640316857826,92.69617980852549,71.57965673735455,88.65852301996794,49.415686937866155,60.51863687817903,31.521784800726135,43.118448809064006,-334.1987710033906,222.30797434638052,700.0,73.04518856039553,317.93301574209954,1600.0,335.31861480790866,221.78926845665268,700.0,29.921224932043213,319.220637172418,1600.0
SiPt12_01.txt,SiPt12,Si,1,121.1715,441.0331231949831,390.2526145804206,521.51,459.5729837445334,379.4492996531338,627.88,900.6061069395165,117.7807021017602,-0.95355388394553,-0.031760985843892926,0.8390634121768832,0.8861592126514058,0.6212558791979537,0.6578100503341859,0.2790659295321396,0.7209340704678604,49.51659424864758,49.51659424864758,0.058056111908560734,0.05573108114517598,53.83529251588414,77.0438608585584,72.17566630910142,98.02508193622803,41.553350936545925,57.2753270817319,43.51019638584041,59.22875325345894,36.39378001485271,51.929796610101015,53.807835630002465,75.95520847126119,57.8501155210826,63.94252358722676,65.702948263058,74.40802515791911,24.92114035811536,26.630381445422966,25.387834804851884,29.420296460059316,88.85998597243996,89.88774990312578,87.8567703605908,98.7567485857029,87.28508622823665,91.05666528850901,59.92541133756911,74.57185410903956,50.334371647825726,53.74273658232232,51.20632065351927,62.36507323801782,-359.8419768394022,235.8407200806529,700.0,23.011015132299008,337.9265506919021,1600.0,369.4342343986026,239.12361699818453,700.0000000000001,-5.708790882859706,353.7493910326736,1600.0
SiPt13_01.txt,SiPt13,Si,1,121.1715,516.3317583959073,422.36817234163635,742.06,509.6983563000247,447.9805237720578,676.06,1026.030114695932,183.84741718911337,-0.9124163504312954,0.029597334973960717,0.8347458842460858,0.8852653860423638,0.656572324449212,0.623566300849905,0.2801386252991171,0.719861374700883,54.468253673512336,54.963419615998816,0.02549930450497382,0.038804755120071165,32.006478257281955,52.806860802911544,18.780146876805016,31.1440403359579,56.88365129136067,84.22886705975381,47.55591632973017,76.15304937212898,91.14611436587175,123.38254143420662,55.52756250515719,87.3533361212507,69.90304398052645,76.08563717714942,89.7819292020794,96.02800903791933,88.78883406221634,105.59443814985846,91.64388728442941,101.38462117772892,45.17061638749071,56.47851825678373,62.598613747008834,74.15364496335194,98.79071953131447,141.30106480818722,92.64329070055285,125.11569738969047,33.64230051984487,44.15006062540898,51.1670096542619,59.56102526795829,-322.39001158883104,210.4528413064551,700.0,-1.3385835115501976,309.17458689784917,1496.5641952983724,327.1774541936909,234.89995046258232,700.0,65.33282672103532,264.5125357541966,1600.0
SiPt14_01.txt,SiPt14,Si,1,121.1715,362.2008367026982,322.388020166056,483.78,390.9135869296146,333.23424699141094,519.42,753.1144236323129,134.254557119665,-0.9166595739666484,-0.02603846796415099,0.8506563608273155,0.8940659445778334,0.6172126413070386,0.6399867975905603,0.25719943889759883,0.7428005611024012,53.97308773102586,53.47792178853938,0.08221348078416425,0.17221753222204275,12.15093819622081,21.732047155977472,8.2052883901312,16.66238391972164,31.038888522155297,59.7163834520242,31.63512501031438,62.891668717519586,34.38765739747504,67.7773424555869,31.50585526858652,58.59744039153773,66.62344830431553,83.82855792630127,62.02935308193745,81.41774764771141,48.902256786863596,56.905173807147726,38.659095634953374,48.606431861185904,59.38933492862448,75.45324364227099,88.99731578513078,109.52156461010306,75.3818772175922,104.76061353854382,71.21076326429574,91.90697768492414,34.32643534945127,43.48891454241138,58.6707904942652,79.33213905799909,-355.79548012140015,230.50538992875414,700.0,48.53544023127629,320.1866879808404,1600.0,376.3114150171481,230.09380895107887,700.0,115.45802768092794,325.305269252292,1501.0830324909748
SiPt15_01.txt,SiPt15,Si,1,121.1715,501.9231925076326,441.990215174937,561.88,487.336116016173,400.87464494575227,646.47,989.2593085238057,130.54461617930053,-0.9566791530794948,-0.02457235811980053,0.829752025534049,0.8782251680596946,0.6362736199356382,0.6614407129301098,0.297714332865748,0.702285667134252,55.45858555848529,56.94408338594472,0.2090766349846785,0.08174282313687195,22.160665896526115,34.22954672949324,43.743838600544606,66.67844552985447,38.82858404158759,62.53590485102229,58.69846521990263,82.8922131670645,33.509499958742474,53.7738852973825,51.7890692301345,71.51032872096233,97.55859064279231,108.89056582170643,77.25100585856919,85.7581644227844,65.87781912699067,69.32205810550822,47.47841983662018,48.37224277685804,96.97986302500206,104.94393474479834,71.30912699067581,82.83105089830264,101.31787853783317,110.03592225404834,88.85142668537007,104.97231692289697,45.69029127815826,46.394641574769956,48.214763594355965,49.8671451313679,-357.59530238113354,234.10954029206704,700.0,89.2053713962463,301.7276599902834,1600.0,366.0250981667008,222.57223366385617,700.0,33.9246528464424,323.85701473357267,1600.0
SiPt16_01.txt,SiPt16,Si,1,121.1715,471.3051522402839,404.65080294460597,653.95,460.8830538823335,396.47676014390646,662.09,932.1882061226174,148.64190862900932,-0.9313502304875283,0.0019418585751803602,0.8463325834411293,0.893648660788893,0.6366036801716313,0.6316527766317352,0.2682564568033666,0.7317435431966334,49.51659424864758,49.51659424864758,0.04631220215925977,0.030729090079181526,80.39827295981516,101.50378529325836,70.14972027395,98.39467350339012,63.42194818054295,82.67068419293555,61.098197045960895,85.56035124788224,81.57785708391782,104.52736505956203,74.17175014440134,102.72571588876097,69.99969221882994,89.09214754520559,53.65241604092746,66.88080113651176,71.9334920372968,79.48132901570176,38.65436669692219,41.554007887828874,42.00757405726545,59.814459615247344,59.639950490964594,73.64888162646892,46.59283769287896,72.26724646867133,77.1878504827131,101.84706833897457,15.373478009736777,19.41309596170096,26.328802706493935,33.38201104786441,-329.11336684226467,230.76068732120453,700.0,-95.64257493701245,305.2519509870041,1600.0,332.4055422360507,230.10528290740314,586.8421052631579,-38.40687017644031,327.32520426774005,1462.4737945492661
SiPt17_01.txt,SiPt17,Si,1,121.1715,450.8027461011635,390.3203454227849,573.98,495.69744120802045,443.97501183094454,570.79,946.5001873091838,153.14398305874613,-0.9406371923280671,-0.0002852257592678073,0.8613446527691166,0.8989553225585243,0.6328905025167093,0.6197706081359848,0.25266111065269414,0.7473388893473059,51.99242396107996,52.48758990356644,0.02535991854989467,0.027706750720271112,34.589939764006935,75.35560185846246,19.856946942817068,50.23212782358548,74.69318590642791,114.45515338747136,77.73680666721675,109.67964779051736,100.49036884231373,139.3517023293173,83.10876227411504,117.73833428208897,56.91064526776137,77.79132163766724,84.96918640151829,103.20936428178379,33.92118079049427,42.67257654987925,38.98998514728938,44.447462705445886,50.97650878785379,79.40831311797587,63.228497400775645,91.98961697470287,71.63754765244657,118.15573643308049,95.37995709216933,138.97872489650132,27.5833690898589,53.48807139457994,32.42729928211899,53.28369308134793,-358.6124623483597,216.09364801331014,700.0,-36.83039086624599,349.95903829945667,1600.0,344.2584441231738,229.250456971527,700.0,-15.787445880262943,320.57198643581336,1600.0
SiPt18_01.txt,SiPt18,Si,1,121.1715,485.12824655499634,429.961130054822,558.03,483.3633179305223,398.95169401023185,643.83,968.4915644855186,134.03468443656914,-0.9504362425362889,-0.027909198934764203,0.8346373249282919,0.8808501616802155,0.6339631982836867,0.6603680171631323,0.29433121544681906,0.7056687845531809,48.03109642118815,48.52626236367463,0.05860104935275623,0.09669558215483255,57.74392771680831,69.72047565570166,70.41898836537668,81.82614469495483,68.65741810380395,92.80621785734833,52.80078059245812,73.57453503833648,53.50698077399125,74.0937934145756,59.126202656984894,86.08632672805453,81.60901724564734,90.19147264925562,69.50420661770772,78.53726827410219,81.11862364881591,89.04274076002197,65.66835712517533,75.6689637508068,55.24157521247627,68.12502387870576,68.09833237065764,98.3617681161369,58.077857909068406,74.34164360299323,64.17601864840333,94.28541625052324,29.172845944384846,30.40995323099757,33.57043155375856,36.64692811270289,-361.49642206809233,226.35462362598062,700.0,-26.298138102199832,306.37797566118064,1600.0,370.1890180111591,218.3319814071692,700.0,-18.990021444920572,318.0573442956499,1488.8888888888887
SiPt19_01.txt,SiPt19,Si,1,121.1715,464.68731661028136,412.0652579536462,578.93,483.14641307038534,406.30056655902536,690.58,947.8337296806666,183.596094738791,-0.8994330960417727,-0.02542309755694319,0.8356269567921459,0.884740069597714,0.6268669032098358,0.6474131529004044,0.27428005611024014,0.7257199438897599,52.98275584605291,53.97308773102586,0.03664736661129364,0.10451573827875817,27.766508787853784,48.8641917771936,48.83142255961713,72.98179877405042,51.359843221387905,82.9979041780803,79.7117872761779,110.35170542869439,43.452151167588084,78.86846003819288,84.65744863437577,123.14686824789044,63.00361415958413,75.35805043634323,51.03560689825893,62.49357545084682,47.32397144978958,55.574180256603945,35.491623896361084,38.368518177851215,92.051320240944,99.20875004658329,70.80291278158263,91.8056334220761,99.96901477019554,109.32551316648055,72.40624969056853,92.7741716654797,39.76089281293836,40.534566055963964,40.209361333443354,54.80775383848466,-373.44431814859684,227.83812073322355,700.0,60.77487921644485,333.29615942559946,1600.0,365.03255114972785,229.8956652811626,700.0,-3.518327474347003,329.6063383216678,1600.0
SiPt20_01.txt,SiPt20,Si,1,121.1715,466.63779932337656,431.3593682050726,479.82,530.1814745441043,435.54002631173427,690.91,996.8192738674808,122.49367374737588,-0.9601136915666337,-0.06244073927341906,0.8526217802416024,0.891215803798823,0.598234177737437,0.6682069477679676,0.2664411255054047,0.7335588744945952,48.52626236367463,47.53593047870167,0.043906821036932824,0.10838145092585506,96.69504662100833,123.71650754090061,110.18727865335423,148.6484209667221,48.26556564072943,60.784268409986375,50.92374618367851,73.32369568439543,68.36334351019062,89.73534192799025,39.190325109332456,55.90495457171401,75.82949253238716,81.61611633957618,82.78170311081772,99.14019567146333,23.440229391864015,26.930093341838596,39.818529581648654,43.21932646090249,56.887136727452756,63.31758610875701,60.96170228566714,64.84885743749268,68.01282118986715,79.89686551469227,98.103988777952,120.9396108286977,29.144163709877052,34.66758096939788,48.21420084165361,55.671347125662116,-360.3661503452133,226.5217723818932,700.0,-32.99875892370413,305.2136260225591,1384.9624060150377,396.16434683457027,199.0927467347749,700.0,23.2981305929979,375.3814923480139,1600.0
SiPt21_01.txt,SiPt21,Si,1,121.1715,446.6944063041505,398.66760880593347,542.3,469.552123112468,404.85134188786833,597.41,916.2465294166186,133.86721778720846,-0.9446032535493936,-0.0209667849847757,0.853353362052281,0.8951889895128797,0.6173776714250351,0.6356960145226503,0.2530736859476855,0.7469263140523146,55.95375150097176,57.43924932843119,0.04429219911945303,0.12168118998072903,91.13845366779437,140.749461317191,79.00233765162143,115.48706045487874,43.13333360838354,67.75921902682951,49.42959237560855,77.3035594981282,24.923119069230136,40.92735076940194,29.54387243171879,46.99170781177057,102.00321148609622,117.60419947099274,54.15679676540969,62.53944251926578,20.8604530076739,23.284457940162735,8.57288390131199,10.606200156738657,67.03111725389884,78.21823764503247,96.5161275682812,98.85249471548558,49.6408243254394,55.75316510727365,79.88450697252249,89.89757384895586,47.96389388563412,59.89571776055678,72.44600544599389,72.78700997602236,-386.86966832568055,251.377192005215,700.0,-20.34505891822356,347.24698267228035,1600.0,399.0874978699856,220.6273583077657,700.0,119.10923638354726,376.1074178075138,1600.0
SiPt22_01.txt,SiPt22,Si,1,121.1715,412.07195395659704,362.214232287401,466.07,447.2743229639409,384.958084901378,555.83,859.3462769205381,126.30420891523501,-0.944650855009561,-0.010686387160305408,0.8379703044216409,0.8854722698590356,0.638666556646588,0.6296724152157769,0.2683389718623649,0.7316610281376351,54.468253673512336,54.468253673512336,0.04936684783865125,0.04558101185518331,79.06339631982836,109.45264023130004,80.5313095139863,114.29670630314914,44.59727122699893,61.156296644044865,39.065911378826634,55.145405707997384,30.428292763429326,44.97422180205009,31.89080534697582,46.50318731293112,50.45085238055945,57.830641388718455,68.53868636026075,76.2943125371254,11.146560772340951,13.15806007925725,11.406842973842728,13.486123616879983,75.33109332453172,79.44103556493415,77.51288555161318,82.46739907556797,77.91086970872183,73.63973528879086,74.70704596088787,78.99674875738619,43.14361746018648,45.17329615495171,63.62083587754765,73.08102325625251,-389.229886460358,210.36615009659818,700.0000000000001,62.152960874739065,340.97192227143677,1600.0,374.8649263628298,230.42340491839823,637.3737373737373,69.75705294110172,361.527228178231,1600.0
SiPt23_01.txt,SiPt23,Si,1,121.1715,484.1041092499381,434.6205437987658,671.66,515.195451769948,428.5358302560712,758.67,999.2995610198861,215.90308523135005,-0.874961075058503,-0.03291054688824098,0.8564634795079482,0.9002975010693265,0.6031025662183348,0.6399867975905603,0.24308936380889512,0.7569106361911049,54.468253673512336,53.97308773102586,0.05179816353665576,0.0480282218330489,36.69271061968809,71.98078020021879,49.76532882251011,90.71124408885366,42.53637098770526,74.14927517232545,66.38770030530573,107.6212959304582,30.523842726297545,58.53723142683995,29.627332288142586,54.25394386911415,110.75940754187641,115.52691591291776,139.95033418598896,152.94112562015957,112.430692301345,111.66542937731711,86.4084264378249,93.30578106688269,48.87411915174519,52.28995772468243,52.01670269824243,57.09005049787838,78.72856753857579,84.59082080460877,64.12770360590807,82.34434811002374,23.55839838270484,21.999783610718602,26.911923426025247,24.887702202220733,-340.2274194177633,226.87282230714754,700.0,23.371414036507133,216.7520539699884,1600.0,355.22981915092964,246.5785183770748,700.0,-3.387852864051035,250.08478137971926,1459.8290598290598
SiPt24_01.txt,SiPt24,Si,1,121.1715,339.582453172704,317.42667084775576,407.44,420.48096790164203,344.8410776659894,608.85,760.0634210743459,135.79224088210148,-0.9192047352914697,-0.07342250520876177,0.8645619229630189,0.9034949027866207,0.5852793134747092,0.6569848997442033,0.24226421321891245,0.7577357867810876,52.98275584605291,52.48758990356644,0.061191578453755696,0.13836728310390112,8.428519679841571,14.061904292319435,37.64722996946943,61.03918027477969,21.908843138872847,40.67476984877821,79.30351019060979,107.91736157338562,29.745092829441376,53.38397462102301,77.607001402756,103.74974218204629,60.431680006601205,68.15543533623246,44.596599554418674,56.910011785738504,33.74325109332453,34.4756614563059,34.644617542701546,43.55919920672527,69.96100750887038,73.71654697339797,55.010592458123604,84.12650795714335,85.49850977803449,88.04264780070474,60.69854278405809,90.64659919878191,29.865549137717633,34.67838854377145,30.97287399950491,53.760947082036886,-310.3916194684089,239.62033338681215,658.702064896755,111.69265562890425,217.58491819314975,1405.5555555555557,346.3069125290392,231.93186645248474,700.0,-31.205392264969298,331.42426486211343,1494.890510948905
SiPt25_01.txt,SiPt25,Si,1,121.1715,494.79211733641387,433.11348485609886,606.87,476.92691558709464,410.25606702802514,609.73,971.7190329235086,154.83797347749848,-0.9340067672835185,-0.0050130104045533665,0.8390096565281647,0.8888519658360342,0.6234012707319085,0.6378414060566053,0.26124267678851393,0.7387573232114861,56.94408338594472,56.94408338594472,0.049242298967468456,0.05321226436347365,108.4045143988778,138.9845183213132,80.6356910636191,116.64032540069046,58.184372472976314,79.09282921064435,44.03579833319581,66.09446878257957,45.35323871606568,62.28560491769929,44.04262397887615,69.63460166506083,103.48562010066838,114.09289862976561,106.8718211073521,117.05198551704979,23.391115603597655,25.632679706309187,14.69999009819292,16.180229974665778,67.81542206452677,75.75777558071978,77.93550375443519,85.58637315927456,61.29041340044558,72.14470524813503,86.80267101245978,103.30907256784324,26.867420579255715,31.324799170468165,21.90281623896361,22.182429105823473,-389.61450563664465,241.04218812393722,700.0000000000001,-62.39864776633946,327.95125906683035,1458.777120315582,394.62800890659435,232.8245919926209,700.0,-7.640586309447896,325.0046366845615,1436.9426751592355
SiPt27_01.txt,SiPt27,Si,1,121.1715,461.93523805594526,399.01023750854745,571.01,492.10571746843794,419.7748995498833,622.82,954.0409555243832,180.28410273998657,-0.9042619611781719,-0.005222867489818355,0.8257812615982129,0.8768183866055531,0.6441950655994719,0.6398217674725637,0.2840168330720356,0.7159831669279644,52.98275584605291,53.47792178853938,0.08353453491349286,0.1265879136413404,66.03703275847843,92.42329756635425,71.715997194488,100.50980406780714,51.43574222295569,76.05621904166459,48.82145639079132,71.74353153816041,32.32096625134087,49.93630808492623,42.321054542454,65.06246697347271,77.1481310339137,81.05458438720792,81.24242924333691,86.99599930408108,30.07871441538081,29.42353253830694,23.307646670517368,23.827567002530724,75.61020051159336,74.2965636229993,76.22035151415133,77.82340795747913,83.99861952306296,77.57863168787291,90.66570509117915,91.46263383001566,45.30583133921941,41.66920226312937,57.81107682151993,56.451668982318886,-376.4142257036774,226.31437459075693,700.0,50.7151018963987,301.0017146011044,1600.0,412.96679600413603,183.8870388976532,700.0000000000001,86.84769941480106,340.02464927539637,1435.8870967741934
SiPt28_01.txt,SiPt28,Si,1,121.1715,433.45620265698494,356.5962434237308,572.99,414.51145061473716,357.3306242124709,548.57,847.9676532717219,153.4210858569161,-0.9076401633710696,0.020737787926275387,0.824833053220581,0.8758783279161939,0.6604505322221306,0.6371812855846192,0.29763181780674974,0.7023681821932503,52.98275584605291,52.48758990356644,0.10997045003589467,0.11582529714711354,12.45101245977391,27.394203987998576,7.526200181533129,11.726241752959282,50.707794372472975,71.74089541561729,48.6497532799736,63.17890703442137,85.56229144318839,117.82830833732751,87.09511180790494,114.17338581850755,69.0433938443766,78.73064563561495,88.85983166927963,94.7669928127104,55.79590477762192,60.03263401214116,81.91163297301757,87.53934401177,73.98051406881756,106.98288049478636,37.18047198613747,54.6133376396971,61.05812360755839,86.68069291531117,44.23854360920868,63.570871891912915,24.857168083175182,32.30123679582864,19.04990510768215,18.054043542219233,-371.05700003937295,220.27079022964472,700.0000000000001,5.430877103432203,318.25056284245403,1600.0,353.87748306828763,225.74232019939757,700.0,-5.590126569561421,220.09251340963002,1426.086956521739
SiPt29_01.txt,SiPt29,Si,1,121.1715,490.64045465797506,409.32818373805327,610.06,529.1500759138543,428.9808823590716,685.52,1019.7905305718293,131.62745848343417,-0.9517649731816975,-0.02118680371286844,0.8046097133953501,0.8613964341836066,0.6632560442280716,0.668619523062959,0.3318755672910306,0.6681244327089694,46.05043265124225,46.05043265124225,0.17589366247764665,0.13153387009124648,45.228616222460595,60.86519627158977,62.92711609868802,84.48388430178478,55.15690816073933,70.72044446672045,76.88863850152651,93.93005411584059,46.12567126000495,60.97343658228318,69.20321561184916,86.79520790081895,66.56899744203317,74.98017238194717,65.54180130373793,73.70229067736953,17.483428500701375,18.951670095091025,25.398853865830517,28.880422072557213,89.9178339797013,87.44617078486749,70.39348296064031,73.02240201221576,126.59132024094397,118.36547093167269,120.82977638419013,126.67216701634335,43.567678851390376,37.814092064909666,37.9671911873917,35.49949680122747,-369.1073722417162,221.2909675079113,700.0,94.84281967092575,260.0456788409867,1600.0,390.2926278913721,208.92493622384265,700.0,36.43023209120591,309.3435359192464,1600.0
SiPt30_01.txt,SiPt30,Si,1,121.1715,534.8197277003053,457.73955547171613,715.88,485.32121627196966,442.3846839790925,588.83,1020.1409439722751,177.70226261370806,-0.9226103919545258,0.030565383458229893,0.8595762815879829,0.904124665239457,0.6283521742718046,0.5977390873834475,0.2260912616552521,0.7739087383447479,53.97308773102586,53.47792178853938,0.061490515825818305,0.05751260164625882,105.87916164700059,131.68410417694972,82.0982944137305,118.46382266953539,105.35080947272877,129.8325991356305,60.75576202656985,80.10711920722346,51.121753445003705,65.38426926828888,62.058979288720195,86.65862486909658,83.26311989438072,93.36966646925708,76.15555326347058,89.56649746858446,14.872065351926727,19.441188306180074,18.335980691476195,20.212959716478892,89.09941909398464,101.0412597636603,83.43250845779355,93.88923356012855,60.13123360013203,77.49079684686126,80.22629754930274,88.60832030194732,25.102165195148114,27.764872886115473,22.257840580906016,22.249393482849143,-401.33627180799573,249.10834678194934,700.0,-43.04731537740565,303.02363505957965,1600.0,362.4823648631175,241.7874916025539,700.0,-23.52311541793194,298.63760818953773,1600.0
SiPt31_01.txt,SiPt31,Si,1,121.1715,441.74525950986055,369.96016398057276,562.21,502.45817971779854,393.8267424045042,664.07,944.203439227659,138.35832016230984,-0.9362615480207783,-0.041239482426264636,0.7865157851084629,0.8501250364066956,0.6572324449211981,0.6967571581813681,0.3539896031025662,0.6460103968974338,52.48758990356644,51.99242396107996,0.11896531561794624,0.10356101689810986,9.801055367604588,11.541898991481109,29.764761944054793,36.91422595873488,43.608777951976236,55.73358513312708,64.69828946282698,78.53376032607312,50.33122204802376,69.11531266004783,106.62362901229474,127.14010023031472,110.03704183513493,108.67692457189169,87.69389883653766,95.83990600006258,51.06219242511758,50.28544747353292,60.69396814918722,62.734643139536644,76.74777786946117,86.73298113905078,51.125393184256126,75.56597940690541,70.06836620183182,77.57971796329795,74.69085320571004,98.02735370460502,30.088825810710453,30.593007593607354,27.16738592293094,32.55424365142963,-392.107114548868,231.03121657968563,700.0000000000001,57.25130166487289,279.7053693519486,1600.0,382.4269814065549,203.20084539388438,700.0,-12.873300302117778,340.4446974961822,1600.0
SiPt32_01.txt,SiPt32,Si,1,121.1715,480.560128723492,411.53412041225334,669.68,492.7564592788184,416.64045781939143,673.64,973.3165880023105,159.20162012870995,-0.9261669758624802,-0.005335304047663219,0.8414193949094692,0.8861189462287375,0.6356134994636521,0.6495585444343592,0.2851720438980114,0.7148279561019886,47.53593047870167,47.0407645362152,0.05736837194687051,0.05230978023112205,33.97803696674643,67.67211184182197,46.989496658140105,75.97393149049061,83.76105619275518,128.81935603884082,79.23665153890585,112.48048991079202,73.70267761366449,110.9389503950839,95.5048246554996,132.3291739642214,84.5269353907088,101.00739457023032,82.11796352834392,103.89600356489728,29.645031768297716,35.84134342170175,43.007431306213384,50.809720908194244,68.57990345738096,92.40987608324943,51.326450202161894,76.02112950048532,70.11975823087714,102.827277168534,64.72148939681492,95.86819983085206,36.246729103061305,60.6569374759463,29.852151992738673,46.72262598833123,-383.2226411253924,226.5374350045201,700.0000000000001,10.288819136347646,354.6795785676914,1600.0,389.63454360275557,212.02176542722148,700.0,-33.512175487394174,361.8560453120499,1412.5352907961606
SiPt33_01.txt,SiPt33,Si,1,121.1715,471.5381772423467,421.5588679966328,607.97,462.02582308771343,400.9141739619608,609.4,933.5640003300604,158.57565398454287,-0.9268676651389096,-0.008001781956819876,0.8688667086270251,0.9047692506003658,0.6120141925901477,0.6292598399207855,0.24127403251093324,0.7587259674890667,52.48758990356644,52.48758990356644,0.03970010237674615,0.039113428732971335,37.889440547899994,61.18606541747314,44.51034408779602,73.02220211656679,98.73670434854361,138.12918089665354,81.1441199768958,119.12327270267879,82.76084495420413,115.00927973241407,77.63208928129383,112.55047434585283,51.20249030448057,59.6994786261452,61.581828533707395,75.21711464857852,41.18589157521247,50.768815994760224,57.30047858734219,66.95231205737328,45.65306790989356,58.38215443305567,39.01344830431554,53.351321375224586,93.03199851472894,129.97194685573152,82.57672497730836,117.62938675529861,21.077739087383446,27.098448101321978,18.266789339054377,23.76157646696644,-356.573340947359,220.74230194904294,700.0000000000001,-12.445764592282474,318.6942220297491,1600.0,371.35138134834733,202.74009586438143,700.0000000000001,-18.62168956967797,334.2443360207128,1369.591910436981
SiPt34_01.txt,SiPt34,Si,1,121.1715,383.2077324861787,347.2019330558325,492.14,405.32502104134,347.28529433263566,557.59,788.5327535275187,156.39732940338158,-0.8985714963178129,-0.02703363978143112,0.8697126788444247,0.9069192703974902,0.5998844789174024,0.6286822345077977,0.2285667134252001,0.7714332865747999,55.95375150097176,54.963419615998816,0.0789087354580852,0.054701591548887575,23.907268751547157,47.55259696943455,32.82011882168496,63.50574790846151,52.375076326429564,90.57697280262789,46.4012113210661,78.67293831325762,56.936350358940494,99.38394288771835,71.45351844211568,112.62639871794453,44.716057430481065,59.12426671036008,61.34110652694117,76.00492187402588,43.17229969469428,54.63910451701794,56.955674560607314,69.44603479950277,59.0778331545507,85.5433174034094,48.14604422807162,71.62481245813746,74.75232940011551,110.47367290525415,64.3122320323459,97.4962263596872,28.27051736941992,47.45235082966905,23.895115108507305,35.98962512600665,-343.7230161909721,225.9300295021668,700.0000000000001,40.817912512671164,326.1965914325414,1600.0,344.39996486764034,214.39083713416144,700.0,17.499922317632397,332.28143318960855,1600.0
SiPt35_01.txt,SiPt35,Si,1,121.1715,457.44142173446653,409.2426392036133,601.15,472.2607970954699,419.7715292065577,587.62,929.7022188299366,167.03545946463157,-0.9191156509319831,0.005509373408609803,0.8640015626301795,0.9032066863027812,0.6122617377671425,0.6214209093159502,0.23368264708309266,0.7663173529169074,52.98275584605291,51.99242396107996,0.1419795899957235,0.03207673773819191,58.687772918557634,104.83005482684271,81.434282531562,116.6826655014723,66.0609315950161,114.19806731896244,75.82273042330226,108.90622643144323,34.238001485271056,58.95122047263987,42.52747586434524,58.73391961605626,71.07696427097945,86.51084823315283,36.768754847759716,44.92657034069036,5.636885056522816,8.554625577608526,4.8424053139698,6.578214652242854,106.10565145639079,116.07106394606167,72.8824473966499,77.23075346133481,78.16039607228319,92.90448778054125,129.3551802954039,163.12840171333363,37.4748188794455,48.41079032646333,28.6275204224771,30.436531853606038,-419.1865266277762,219.74841889179257,700.0000000000001,96.23024867933577,341.5374399298732,1600.0,357.4729212993909,220.01388242815634,700.0,49.387446751181564,340.18215070662814,1600.0
SiPt36_01.txt,SiPt36,Si,1,121.1715,358.8267893390544,318.359560631653,421.85,402.34048931429993,326.26123917769945,538.78,761.1672786533543,116.44521970756378,-0.935028099740665,-0.04475125902196775,0.8294017214236921,0.8765110946310337,0.6328905025167093,0.674148032015843,0.3070385345325522,0.6929614654674479,55.95375150097176,55.95375150097176,0.038395693402949856,0.03362077733257165,16.968328244904697,29.773045858387373,43.486823995379154,64.32693063668609,50.68145391533955,71.83252623956471,68.55544186814093,93.78552052144072,22.878411585114282,37.69088576502121,57.71490056935391,78.6806673826243,58.175395659707895,65.51049470291481,31.34197623566301,42.81741691185157,35.24732568693787,36.5667649896622,28.225061473718956,39.935280606575624,47.96509200429078,51.2446138783861,46.09330390296229,60.03185147192365,105.51395329647661,109.13616263704556,99.0700899414143,143.6580324915676,21.396828946282696,25.462790074455842,27.8528913276673,41.00984660277767,-388.3466111851402,216.33240168859322,700.0000000000001,53.91225314314493,299.590010560792,1600.0,378.9557819135039,201.99735128425192,700.0,7.336862729600992,377.76832959972046,1600.0
SiPt37_01.txt,SiPt37,Si,1,121.1715,345.0797210991006,284.3869128002933,453.75,346.8394124927799,295.5741657561301,465.74,691.9191335918805,126.81373253474784,-0.9050853138490786,0.008504964694072704,0.8166246353406709,0.868726947096657,0.6654014357620266,0.6459278818384355,0.31132931760046206,0.6886706823995379,48.52626236367463,49.51659424864758,0.1759125884787236,0.056407576771004345,32.45020876309927,55.301357737869075,28.128186319003216,49.965918517321235,37.924431058668205,57.068080539021956,44.41744450862282,67.58937405345168,38.83456555821437,56.8464613696605,33.489195478174764,50.804085677559364,30.462774981434112,40.6421140853665,59.292668537008005,67.1077775360932,30.054098522980443,34.45162804619135,24.098740820199687,26.893838176389398,48.48762604175262,60.24629249151862,64.90040844954204,82.54169767223664,85.37811700635366,107.98822891214573,53.89809390213714,70.04295775437998,41.487899166597906,64.58703060340055,38.614674478092255,64.00164871466563,-365.61791501936716,205.16630811268476,700.0,62.72889330649397,367.5799752009449,1600.0,410.01548613258484,216.2594180329614,700.0,57.72128973587936,389.47672697371456,1600.0
SiPt38_01.txt,SiPt38,Si,1,121.1715,326.2609167423055,273.4048944953207,464.75,330.2839995049097,279.2053229317076,437.91,656.5449162472152,124.88968406569604,-0.8980574863201835,0.005065106917993623,0.8281467097381049,0.880212564258835,0.6536017823252743,0.654096872679264,0.3076986550045383,0.6923013449954617,51.497258018593485,51.497258018593485,0.03307560334538647,0.044112903568251906,32.40538823335259,51.41712276072885,32.07189372060401,44.57660442249962,59.72418186319002,80.91575466865982,67.93486178727619,85.55905003120972,59.503355887449466,84.18193480603055,66.66227824077895,88.52435637172844,58.75531231949831,74.74616132489614,72.22006023599306,86.26127116145061,34.801779849822594,43.91754512483536,25.75423219737602,34.83974374223078,24.37521577687928,39.99875179710497,26.387092994471494,44.69826897599207,43.362383034903864,65.38803083640707,25.22751382127238,42.80284203774419,13.33329977720934,20.99300942893607,14.026066507137552,18.801022467184286,-351.66409370117395,228.434555008232,700.0,-54.042939340162434,317.4821109239547,1600.0,367.7594975036238,242.65714148125602,700.0,-82.01785160382457,311.29667718890255,1600.0
SiPt39_01.txt,SiPt39,Si,1,121.1715,502.05412327749815,436.1361795599553,527.34,509.8011040514894,424.2622824154752,616.0,1011.8552273289876,108.00355789185456,-0.9688607327049729,-0.019860803957633084,0.8245836179942622,0.8730616096393564,0.6407294331215447,0.6638336496410595,0.3045630827626042,0.6954369172373959,70.80872977556604,55.95375150097176,0.34158843775210485,0.035638357261585776,95.92506477432133,100.52345592742874,65.24759963693374,80.37480192383178,103.14526363561352,107.31066792100404,89.82389058503176,102.84266528349184,81.76701460516544,85.51869290969252,61.030022279065925,69.27783472700283,55.5503539896031,57.19810426414451,73.1198927304233,73.5409521542554,49.69233435101906,53.50501830728722,72.10082019968645,71.75623638707596,39.36739252413565,40.84508008167894,44.733094314712424,45.47090461198019,59.63524878290288,59.38941385239664,80.4599669939764,84.48870248389463,16.97145061473719,17.4591231678105,23.28581731165938,21.175019896942356,-395.03133454692556,205.15414164261236,700.0000000000001,-80.07532363380238,345.33594339500576,1600.0,363.60158658182297,215.78324053218157,700.0,-37.928406125669085,311.48974811459226,1600.0
SiPt40_01.txt,SiPt40,Si,1,121.1715,495.32658717715987,410.509047669219,670.89,415.86644112550545,359.5020285101278,552.09,911.1930283026651,164.5543681513339,-0.9170733932996792,0.034643637717196675,0.8288802796173935,0.8798168711548958,0.6526116016172951,0.6363561349946365,0.2889677366119317,0.7110322633880684,59.4199130983771,59.4199130983771,0.03789182665551512,0.04364701202015995,89.63423384767721,119.40584158950765,55.46480650218665,81.89016653425455,47.812540638666555,60.732737698664316,31.469276342932588,42.8038405589273,69.47759386087961,92.95414920635619,52.959594851060324,76.18914013636241,43.23478339797013,46.924285025729205,37.50328327419754,39.109480127366396,16.772925983992078,18.268853046555872,18.528605495502926,19.442987947191128,67.83761448964437,68.92056320651767,71.19889099760707,70.71339448862257,123.65185411337568,143.1945574309577,118.29350441455566,126.22071081596185,36.90504084495421,43.85256037097028,30.44847924746266,32.36835504047817,-387.0228081862465,200.39981906226964,700.0,11.079330168693415,326.58033257439615,1396.078431372549,361.96585820837396,206.6859219861421,700.0000000000001,66.08412666227571,299.2861839492082,1600.0
